Profile,Framework Version,Chapter,Section,Requirement ID,Verification Level,Requirement Area,Status,Mapped Checks,Relationships,Mapping Rationale,Official Source,Claim Boundary
owasp-aisvs-1.0,1.0,C1,C1.1,v1.0-C1.1.1,1,Training Data Integrity & Traceability / Training Data Origin & Data Security,gap,,,,https://github.com/OWASP/AISVS/blob/78775233666a2022dcfb82037e5e029116955c00/1.0/en/0x10-C01-Training-Data-Integrity-and-Traceability.md,"A mapping identifies repository reference evidence for one requirement; it does not prove live adoption, an AISVS level, AI system security, or compliance."
owasp-aisvs-1.0,1.0,C1,C1.1,v1.0-C1.1.2,2,Training Data Integrity & Traceability / Training Data Origin & Data Security,gap,,,,https://github.com/OWASP/AISVS/blob/78775233666a2022dcfb82037e5e029116955c00/1.0/en/0x10-C01-Training-Data-Integrity-and-Traceability.md,"A mapping identifies repository reference evidence for one requirement; it does not prove live adoption, an AISVS level, AI system security, or compliance."
owasp-aisvs-1.0,1.0,C1,C1.1,v1.0-C1.1.3,2,Training Data Integrity & Traceability / Training Data Origin & Data Security,gap,,,,https://github.com/OWASP/AISVS/blob/78775233666a2022dcfb82037e5e029116955c00/1.0/en/0x10-C01-Training-Data-Integrity-and-Traceability.md,"A mapping identifies repository reference evidence for one requirement; it does not prove live adoption, an AISVS level, AI system security, or compliance."
owasp-aisvs-1.0,1.0,C1,C1.1,v1.0-C1.1.4,2,Training Data Integrity & Traceability / Training Data Origin & Data Security,gap,,,,https://github.com/OWASP/AISVS/blob/78775233666a2022dcfb82037e5e029116955c00/1.0/en/0x10-C01-Training-Data-Integrity-and-Traceability.md,"A mapping identifies repository reference evidence for one requirement; it does not prove live adoption, an AISVS level, AI system security, or compliance."
owasp-aisvs-1.0,1.0,C1,C1.1,v1.0-C1.1.5,3,Training Data Integrity & Traceability / Training Data Origin & Data Security,gap,,,,https://github.com/OWASP/AISVS/blob/78775233666a2022dcfb82037e5e029116955c00/1.0/en/0x10-C01-Training-Data-Integrity-and-Traceability.md,"A mapping identifies repository reference evidence for one requirement; it does not prove live adoption, an AISVS level, AI system security, or compliance."
owasp-aisvs-1.0,1.0,C1,C1.2,v1.0-C1.2.1,1,Training Data Integrity & Traceability / Data Labeling and Annotation Security,gap,,,,https://github.com/OWASP/AISVS/blob/78775233666a2022dcfb82037e5e029116955c00/1.0/en/0x10-C01-Training-Data-Integrity-and-Traceability.md,"A mapping identifies repository reference evidence for one requirement; it does not prove live adoption, an AISVS level, AI system security, or compliance."
owasp-aisvs-1.0,1.0,C1,C1.2,v1.0-C1.2.2,2,Training Data Integrity & Traceability / Data Labeling and Annotation Security,gap,,,,https://github.com/OWASP/AISVS/blob/78775233666a2022dcfb82037e5e029116955c00/1.0/en/0x10-C01-Training-Data-Integrity-and-Traceability.md,"A mapping identifies repository reference evidence for one requirement; it does not prove live adoption, an AISVS level, AI system security, or compliance."
owasp-aisvs-1.0,1.0,C1,C1.2,v1.0-C1.2.3,2,Training Data Integrity & Traceability / Data Labeling and Annotation Security,gap,,,,https://github.com/OWASP/AISVS/blob/78775233666a2022dcfb82037e5e029116955c00/1.0/en/0x10-C01-Training-Data-Integrity-and-Traceability.md,"A mapping identifies repository reference evidence for one requirement; it does not prove live adoption, an AISVS level, AI system security, or compliance."
owasp-aisvs-1.0,1.0,C1,C1.3,v1.0-C1.3.1,2,Training Data Integrity & Traceability / Training Data Quality and Security Assurance,gap,,,,https://github.com/OWASP/AISVS/blob/78775233666a2022dcfb82037e5e029116955c00/1.0/en/0x10-C01-Training-Data-Integrity-and-Traceability.md,"A mapping identifies repository reference evidence for one requirement; it does not prove live adoption, an AISVS level, AI system security, or compliance."
owasp-aisvs-1.0,1.0,C1,C1.3,v1.0-C1.3.2,2,Training Data Integrity & Traceability / Training Data Quality and Security Assurance,gap,,,,https://github.com/OWASP/AISVS/blob/78775233666a2022dcfb82037e5e029116955c00/1.0/en/0x10-C01-Training-Data-Integrity-and-Traceability.md,"A mapping identifies repository reference evidence for one requirement; it does not prove live adoption, an AISVS level, AI system security, or compliance."
owasp-aisvs-1.0,1.0,C1,C1.3,v1.0-C1.3.3,2,Training Data Integrity & Traceability / Training Data Quality and Security Assurance,gap,,,,https://github.com/OWASP/AISVS/blob/78775233666a2022dcfb82037e5e029116955c00/1.0/en/0x10-C01-Training-Data-Integrity-and-Traceability.md,"A mapping identifies repository reference evidence for one requirement; it does not prove live adoption, an AISVS level, AI system security, or compliance."
owasp-aisvs-1.0,1.0,C1,C1.3,v1.0-C1.3.4,2,Training Data Integrity & Traceability / Training Data Quality and Security Assurance,gap,,,,https://github.com/OWASP/AISVS/blob/78775233666a2022dcfb82037e5e029116955c00/1.0/en/0x10-C01-Training-Data-Integrity-and-Traceability.md,"A mapping identifies repository reference evidence for one requirement; it does not prove live adoption, an AISVS level, AI system security, or compliance."
owasp-aisvs-1.0,1.0,C1,C1.3,v1.0-C1.3.5,3,Training Data Integrity & Traceability / Training Data Quality and Security Assurance,gap,,,,https://github.com/OWASP/AISVS/blob/78775233666a2022dcfb82037e5e029116955c00/1.0/en/0x10-C01-Training-Data-Integrity-and-Traceability.md,"A mapping identifies repository reference evidence for one requirement; it does not prove live adoption, an AISVS level, AI system security, or compliance."
owasp-aisvs-1.0,1.0,C2,C2.1,v1.0-C2.1.1,1,Input Validation / Prompt Injection Defenses,gap,,,,https://github.com/OWASP/AISVS/blob/78775233666a2022dcfb82037e5e029116955c00/1.0/en/0x10-C02-Input-Validation.md,"A mapping identifies repository reference evidence for one requirement; it does not prove live adoption, an AISVS level, AI system security, or compliance."
owasp-aisvs-1.0,1.0,C2,C2.1,v1.0-C2.1.2,1,Input Validation / Prompt Injection Defenses,gap,,,,https://github.com/OWASP/AISVS/blob/78775233666a2022dcfb82037e5e029116955c00/1.0/en/0x10-C02-Input-Validation.md,"A mapping identifies repository reference evidence for one requirement; it does not prove live adoption, an AISVS level, AI system security, or compliance."
owasp-aisvs-1.0,1.0,C2,C2.1,v1.0-C2.1.3,1,Input Validation / Prompt Injection Defenses,mapped-evidence,PSB-AI-003-AII-001; PSB-AI-003-AII-002; PSB-AI-003-AII-003; PSB-AI-003-AII-004; PSB-AI-003-AII-005; PSB-AI-003-AII-006; PSB-AI-003-AII-007,verifies,"Six exact untrusted steering surfaces are classified as data and their injected policy credential network dependency and privilege requests are blocked before the requested action, directly exercising the core prompt-injection screening outcome.",https://github.com/OWASP/AISVS/blob/78775233666a2022dcfb82037e5e029116955c00/1.0/en/0x10-C02-Input-Validation.md,"A mapping identifies repository reference evidence for one requirement; it does not prove live adoption, an AISVS level, AI system security, or compliance."
owasp-aisvs-1.0,1.0,C2,C2.1,v1.0-C2.1.4,1,Input Validation / Prompt Injection Defenses,gap,,,,https://github.com/OWASP/AISVS/blob/78775233666a2022dcfb82037e5e029116955c00/1.0/en/0x10-C02-Input-Validation.md,"A mapping identifies repository reference evidence for one requirement; it does not prove live adoption, an AISVS level, AI system security, or compliance."
owasp-aisvs-1.0,1.0,C2,C2.1,v1.0-C2.1.5,1,Input Validation / Prompt Injection Defenses,gap,,,,https://github.com/OWASP/AISVS/blob/78775233666a2022dcfb82037e5e029116955c00/1.0/en/0x10-C02-Input-Validation.md,"A mapping identifies repository reference evidence for one requirement; it does not prove live adoption, an AISVS level, AI system security, or compliance."
owasp-aisvs-1.0,1.0,C2,C2.1,v1.0-C2.1.6,2,Input Validation / Prompt Injection Defenses,mapped-evidence,PSB-AI-003-AII-002; PSB-AI-003-AII-003,verifies,"The root goal and repository-owned policy precedence remain authoritative after untrusted content is processed, and attempts to rewrite that hierarchy are denied before execution.",https://github.com/OWASP/AISVS/blob/78775233666a2022dcfb82037e5e029116955c00/1.0/en/0x10-C02-Input-Validation.md,"A mapping identifies repository reference evidence for one requirement; it does not prove live adoption, an AISVS level, AI system security, or compliance."
owasp-aisvs-1.0,1.0,C2,C2.1,v1.0-C2.1.7,2,Input Validation / Prompt Injection Defenses,gap,,,,https://github.com/OWASP/AISVS/blob/78775233666a2022dcfb82037e5e029116955c00/1.0/en/0x10-C02-Input-Validation.md,"A mapping identifies repository reference evidence for one requirement; it does not prove live adoption, an AISVS level, AI system security, or compliance."
owasp-aisvs-1.0,1.0,C2,C2.1,v1.0-C2.1.8,3,Input Validation / Prompt Injection Defenses,gap,,,,https://github.com/OWASP/AISVS/blob/78775233666a2022dcfb82037e5e029116955c00/1.0/en/0x10-C02-Input-Validation.md,"A mapping identifies repository reference evidence for one requirement; it does not prove live adoption, an AISVS level, AI system security, or compliance."
owasp-aisvs-1.0,1.0,C2,C2.2,v1.0-C2.2.1,1,Input Validation / Content & Policy Screening,gap,,,,https://github.com/OWASP/AISVS/blob/78775233666a2022dcfb82037e5e029116955c00/1.0/en/0x10-C02-Input-Validation.md,"A mapping identifies repository reference evidence for one requirement; it does not prove live adoption, an AISVS level, AI system security, or compliance."
owasp-aisvs-1.0,1.0,C2,C2.2,v1.0-C2.2.2,1,Input Validation / Content & Policy Screening,gap,,,,https://github.com/OWASP/AISVS/blob/78775233666a2022dcfb82037e5e029116955c00/1.0/en/0x10-C02-Input-Validation.md,"A mapping identifies repository reference evidence for one requirement; it does not prove live adoption, an AISVS level, AI system security, or compliance."
owasp-aisvs-1.0,1.0,C2,C2.2,v1.0-C2.2.3,2,Input Validation / Content & Policy Screening,gap,,,,https://github.com/OWASP/AISVS/blob/78775233666a2022dcfb82037e5e029116955c00/1.0/en/0x10-C02-Input-Validation.md,"A mapping identifies repository reference evidence for one requirement; it does not prove live adoption, an AISVS level, AI system security, or compliance."
owasp-aisvs-1.0,1.0,C2,C2.2,v1.0-C2.2.4,3,Input Validation / Content & Policy Screening,gap,,,,https://github.com/OWASP/AISVS/blob/78775233666a2022dcfb82037e5e029116955c00/1.0/en/0x10-C02-Input-Validation.md,"A mapping identifies repository reference evidence for one requirement; it does not prove live adoption, an AISVS level, AI system security, or compliance."
owasp-aisvs-1.0,1.0,C3,C3.1,v1.0-C3.1.1,1,Model Lifecycle Management & Change Control / Model Authorization & Integrity,gap,,,,https://github.com/OWASP/AISVS/blob/78775233666a2022dcfb82037e5e029116955c00/1.0/en/0x10-C03-Model-Lifecycle-Management.md,"A mapping identifies repository reference evidence for one requirement; it does not prove live adoption, an AISVS level, AI system security, or compliance."
owasp-aisvs-1.0,1.0,C3,C3.1,v1.0-C3.1.2,2,Model Lifecycle Management & Change Control / Model Authorization & Integrity,mapped-evidence,PSB-DEPS-005-AMS-001; PSB-DEPS-005-AMS-005,supports,"A current model-scoped authorized signer signs the exact acquired model digest together with its ML-BOM dataset and verifier materials, while live provider key custody remains organization evidence.",https://github.com/OWASP/AISVS/blob/78775233666a2022dcfb82037e5e029116955c00/1.0/en/0x10-C03-Model-Lifecycle-Management.md,"A mapping identifies repository reference evidence for one requirement; it does not prove live adoption, an AISVS level, AI system security, or compliance."
owasp-aisvs-1.0,1.0,C3,C3.1,v1.0-C3.1.3,2,Model Lifecycle Management & Change Control / Model Authorization & Integrity,gap,,,,https://github.com/OWASP/AISVS/blob/78775233666a2022dcfb82037e5e029116955c00/1.0/en/0x10-C03-Model-Lifecycle-Management.md,"A mapping identifies repository reference evidence for one requirement; it does not prove live adoption, an AISVS level, AI system security, or compliance."
owasp-aisvs-1.0,1.0,C3,C3.2,v1.0-C3.2.1,1,Model Lifecycle Management & Change Control / Model Validation & Testing,mapped-evidence,PSB-DETECT-002-TEV-003; PSB-DETECT-002-TEV-004; PSB-DETECT-002-TEV-005; PSB-DETECT-002-TEV-006,verifies,The pre-release suite runs deterministic input handling safety and output-policy scenarios plus repeated threshold behavior and known-vulnerable calibration before a release may be accepted.,https://github.com/OWASP/AISVS/blob/78775233666a2022dcfb82037e5e029116955c00/1.0/en/0x10-C03-Model-Lifecycle-Management.md,"A mapping identifies repository reference evidence for one requirement; it does not prove live adoption, an AISVS level, AI system security, or compliance."
owasp-aisvs-1.0,1.0,C3,C3.2,v1.0-C3.2.2,2,Model Lifecycle Management & Change Control / Model Validation & Testing,gap,,,,https://github.com/OWASP/AISVS/blob/78775233666a2022dcfb82037e5e029116955c00/1.0/en/0x10-C03-Model-Lifecycle-Management.md,"A mapping identifies repository reference evidence for one requirement; it does not prove live adoption, an AISVS level, AI system security, or compliance."
owasp-aisvs-1.0,1.0,C3,C3.2,v1.0-C3.2.3,3,Model Lifecycle Management & Change Control / Model Validation & Testing,gap,,,,https://github.com/OWASP/AISVS/blob/78775233666a2022dcfb82037e5e029116955c00/1.0/en/0x10-C03-Model-Lifecycle-Management.md,"A mapping identifies repository reference evidence for one requirement; it does not prove live adoption, an AISVS level, AI system security, or compliance."
owasp-aisvs-1.0,1.0,C3,C3.3,v1.0-C3.3.1,2,Model Lifecycle Management & Change Control / Controlled Deployment & Rollback,gap,,,,https://github.com/OWASP/AISVS/blob/78775233666a2022dcfb82037e5e029116955c00/1.0/en/0x10-C03-Model-Lifecycle-Management.md,"A mapping identifies repository reference evidence for one requirement; it does not prove live adoption, an AISVS level, AI system security, or compliance."
owasp-aisvs-1.0,1.0,C3,C3.3,v1.0-C3.3.2,2,Model Lifecycle Management & Change Control / Controlled Deployment & Rollback,gap,,,,https://github.com/OWASP/AISVS/blob/78775233666a2022dcfb82037e5e029116955c00/1.0/en/0x10-C03-Model-Lifecycle-Management.md,"A mapping identifies repository reference evidence for one requirement; it does not prove live adoption, an AISVS level, AI system security, or compliance."
owasp-aisvs-1.0,1.0,C3,C3.3,v1.0-C3.3.3,2,Model Lifecycle Management & Change Control / Controlled Deployment & Rollback,gap,,,,https://github.com/OWASP/AISVS/blob/78775233666a2022dcfb82037e5e029116955c00/1.0/en/0x10-C03-Model-Lifecycle-Management.md,"A mapping identifies repository reference evidence for one requirement; it does not prove live adoption, an AISVS level, AI system security, or compliance."
owasp-aisvs-1.0,1.0,C3,C3.4,v1.0-C3.4.1,1,Model Lifecycle Management & Change Control / Secure Development Practices,gap,,,,https://github.com/OWASP/AISVS/blob/78775233666a2022dcfb82037e5e029116955c00/1.0/en/0x10-C03-Model-Lifecycle-Management.md,"A mapping identifies repository reference evidence for one requirement; it does not prove live adoption, an AISVS level, AI system security, or compliance."
owasp-aisvs-1.0,1.0,C3,C3.4,v1.0-C3.4.2,2,Model Lifecycle Management & Change Control / Secure Development Practices,gap,,,,https://github.com/OWASP/AISVS/blob/78775233666a2022dcfb82037e5e029116955c00/1.0/en/0x10-C03-Model-Lifecycle-Management.md,"A mapping identifies repository reference evidence for one requirement; it does not prove live adoption, an AISVS level, AI system security, or compliance."
owasp-aisvs-1.0,1.0,C3,C3.5,v1.0-C3.5.1,2,Model Lifecycle Management & Change Control / Pipeline Fine-Tuning,gap,,,,https://github.com/OWASP/AISVS/blob/78775233666a2022dcfb82037e5e029116955c00/1.0/en/0x10-C03-Model-Lifecycle-Management.md,"A mapping identifies repository reference evidence for one requirement; it does not prove live adoption, an AISVS level, AI system security, or compliance."
owasp-aisvs-1.0,1.0,C3,C3.5,v1.0-C3.5.2,3,Model Lifecycle Management & Change Control / Pipeline Fine-Tuning,gap,,,,https://github.com/OWASP/AISVS/blob/78775233666a2022dcfb82037e5e029116955c00/1.0/en/0x10-C03-Model-Lifecycle-Management.md,"A mapping identifies repository reference evidence for one requirement; it does not prove live adoption, an AISVS level, AI system security, or compliance."
owasp-aisvs-1.0,1.0,C3,C3.5,v1.0-C3.5.3,3,Model Lifecycle Management & Change Control / Pipeline Fine-Tuning,gap,,,,https://github.com/OWASP/AISVS/blob/78775233666a2022dcfb82037e5e029116955c00/1.0/en/0x10-C03-Model-Lifecycle-Management.md,"A mapping identifies repository reference evidence for one requirement; it does not prove live adoption, an AISVS level, AI system security, or compliance."
owasp-aisvs-1.0,1.0,C3,C3.5,v1.0-C3.5.4,3,Model Lifecycle Management & Change Control / Pipeline Fine-Tuning,gap,,,,https://github.com/OWASP/AISVS/blob/78775233666a2022dcfb82037e5e029116955c00/1.0/en/0x10-C03-Model-Lifecycle-Management.md,"A mapping identifies repository reference evidence for one requirement; it does not prove live adoption, an AISVS level, AI system security, or compliance."
owasp-aisvs-1.0,1.0,C4,C4.1,v1.0-C4.1.1,1,"Infrastructure, Configuration & Deployment Security / AI Workload Sandboxing & Validation",gap,,,,https://github.com/OWASP/AISVS/blob/78775233666a2022dcfb82037e5e029116955c00/1.0/en/0x10-C04-Infrastructure.md,"A mapping identifies repository reference evidence for one requirement; it does not prove live adoption, an AISVS level, AI system security, or compliance."
owasp-aisvs-1.0,1.0,C4,C4.1,v1.0-C4.1.2,1,"Infrastructure, Configuration & Deployment Security / AI Workload Sandboxing & Validation",mapped-evidence,PSB-DEPS-005-AMS-003; PSB-DEPS-005-AMS-004,verifies,Intake permits only non-executable Safetensors with remote code disabled and statically validates its bounded structure without importing model code; executable serialization is rejected.,https://github.com/OWASP/AISVS/blob/78775233666a2022dcfb82037e5e029116955c00/1.0/en/0x10-C04-Infrastructure.md,"A mapping identifies repository reference evidence for one requirement; it does not prove live adoption, an AISVS level, AI system security, or compliance."
owasp-aisvs-1.0,1.0,C4,C4.1,v1.0-C4.1.3,3,"Infrastructure, Configuration & Deployment Security / AI Workload Sandboxing & Validation",gap,,,,https://github.com/OWASP/AISVS/blob/78775233666a2022dcfb82037e5e029116955c00/1.0/en/0x10-C04-Infrastructure.md,"A mapping identifies repository reference evidence for one requirement; it does not prove live adoption, an AISVS level, AI system security, or compliance."
owasp-aisvs-1.0,1.0,C4,C4.1,v1.0-C4.1.4,3,"Infrastructure, Configuration & Deployment Security / AI Workload Sandboxing & Validation",gap,,,,https://github.com/OWASP/AISVS/blob/78775233666a2022dcfb82037e5e029116955c00/1.0/en/0x10-C04-Infrastructure.md,"A mapping identifies repository reference evidence for one requirement; it does not prove live adoption, an AISVS level, AI system security, or compliance."
owasp-aisvs-1.0,1.0,C4,C4.2,v1.0-C4.2.1,2,"Infrastructure, Configuration & Deployment Security / AI Hardware Security",gap,,,,https://github.com/OWASP/AISVS/blob/78775233666a2022dcfb82037e5e029116955c00/1.0/en/0x10-C04-Infrastructure.md,"A mapping identifies repository reference evidence for one requirement; it does not prove live adoption, an AISVS level, AI system security, or compliance."
owasp-aisvs-1.0,1.0,C4,C4.2,v1.0-C4.2.2,3,"Infrastructure, Configuration & Deployment Security / AI Hardware Security",gap,,,,https://github.com/OWASP/AISVS/blob/78775233666a2022dcfb82037e5e029116955c00/1.0/en/0x10-C04-Infrastructure.md,"A mapping identifies repository reference evidence for one requirement; it does not prove live adoption, an AISVS level, AI system security, or compliance."
owasp-aisvs-1.0,1.0,C4,C4.2,v1.0-C4.2.3,3,"Infrastructure, Configuration & Deployment Security / AI Hardware Security",gap,,,,https://github.com/OWASP/AISVS/blob/78775233666a2022dcfb82037e5e029116955c00/1.0/en/0x10-C04-Infrastructure.md,"A mapping identifies repository reference evidence for one requirement; it does not prove live adoption, an AISVS level, AI system security, or compliance."
owasp-aisvs-1.0,1.0,C4,C4.2,v1.0-C4.2.4,3,"Infrastructure, Configuration & Deployment Security / AI Hardware Security",gap,,,,https://github.com/OWASP/AISVS/blob/78775233666a2022dcfb82037e5e029116955c00/1.0/en/0x10-C04-Infrastructure.md,"A mapping identifies repository reference evidence for one requirement; it does not prove live adoption, an AISVS level, AI system security, or compliance."
owasp-aisvs-1.0,1.0,C4,C4.2,v1.0-C4.2.5,3,"Infrastructure, Configuration & Deployment Security / AI Hardware Security",gap,,,,https://github.com/OWASP/AISVS/blob/78775233666a2022dcfb82037e5e029116955c00/1.0/en/0x10-C04-Infrastructure.md,"A mapping identifies repository reference evidence for one requirement; it does not prove live adoption, an AISVS level, AI system security, or compliance."
owasp-aisvs-1.0,1.0,C4,C4.3,v1.0-C4.3.1,1,"Infrastructure, Configuration & Deployment Security / Edge & Distributed AI Security",gap,,,,https://github.com/OWASP/AISVS/blob/78775233666a2022dcfb82037e5e029116955c00/1.0/en/0x10-C04-Infrastructure.md,"A mapping identifies repository reference evidence for one requirement; it does not prove live adoption, an AISVS level, AI system security, or compliance."
owasp-aisvs-1.0,1.0,C4,C4.3,v1.0-C4.3.2,2,"Infrastructure, Configuration & Deployment Security / Edge & Distributed AI Security",gap,,,,https://github.com/OWASP/AISVS/blob/78775233666a2022dcfb82037e5e029116955c00/1.0/en/0x10-C04-Infrastructure.md,"A mapping identifies repository reference evidence for one requirement; it does not prove live adoption, an AISVS level, AI system security, or compliance."
owasp-aisvs-1.0,1.0,C4,C4.3,v1.0-C4.3.3,3,"Infrastructure, Configuration & Deployment Security / Edge & Distributed AI Security",gap,,,,https://github.com/OWASP/AISVS/blob/78775233666a2022dcfb82037e5e029116955c00/1.0/en/0x10-C04-Infrastructure.md,"A mapping identifies repository reference evidence for one requirement; it does not prove live adoption, an AISVS level, AI system security, or compliance."
owasp-aisvs-1.0,1.0,C4,C4.3,v1.0-C4.3.4,3,"Infrastructure, Configuration & Deployment Security / Edge & Distributed AI Security",gap,,,,https://github.com/OWASP/AISVS/blob/78775233666a2022dcfb82037e5e029116955c00/1.0/en/0x10-C04-Infrastructure.md,"A mapping identifies repository reference evidence for one requirement; it does not prove live adoption, an AISVS level, AI system security, or compliance."
owasp-aisvs-1.0,1.0,C4,C4.3,v1.0-C4.3.5,3,"Infrastructure, Configuration & Deployment Security / Edge & Distributed AI Security",gap,,,,https://github.com/OWASP/AISVS/blob/78775233666a2022dcfb82037e5e029116955c00/1.0/en/0x10-C04-Infrastructure.md,"A mapping identifies repository reference evidence for one requirement; it does not prove live adoption, an AISVS level, AI system security, or compliance."
owasp-aisvs-1.0,1.0,C5,C5.1,v1.0-C5.1.1,3,Access Control & Identity for AI Components & Users / Authentication,gap,,,,https://github.com/OWASP/AISVS/blob/78775233666a2022dcfb82037e5e029116955c00/1.0/en/0x10-C05-Access-Control-and-Identity.md,"A mapping identifies repository reference evidence for one requirement; it does not prove live adoption, an AISVS level, AI system security, or compliance."
owasp-aisvs-1.0,1.0,C5,C5.1,v1.0-C5.1.2,3,Access Control & Identity for AI Components & Users / Authentication,gap,,,,https://github.com/OWASP/AISVS/blob/78775233666a2022dcfb82037e5e029116955c00/1.0/en/0x10-C05-Access-Control-and-Identity.md,"A mapping identifies repository reference evidence for one requirement; it does not prove live adoption, an AISVS level, AI system security, or compliance."
owasp-aisvs-1.0,1.0,C5,C5.2,v1.0-C5.2.1,2,Access Control & Identity for AI Components & Users / AI Resource Authorization & Classification,gap,,,,https://github.com/OWASP/AISVS/blob/78775233666a2022dcfb82037e5e029116955c00/1.0/en/0x10-C05-Access-Control-and-Identity.md,"A mapping identifies repository reference evidence for one requirement; it does not prove live adoption, an AISVS level, AI system security, or compliance."
owasp-aisvs-1.0,1.0,C5,C5.2,v1.0-C5.2.2,2,Access Control & Identity for AI Components & Users / AI Resource Authorization & Classification,mapped-evidence,PSB-AI-011-RAG-005; PSB-AI-011-RAG-006,verifies,The exact requesting principal tenant and clearance are authorized before retrieval and every returned chunk must remain inside the same tenant and classification boundary.,https://github.com/OWASP/AISVS/blob/78775233666a2022dcfb82037e5e029116955c00/1.0/en/0x10-C05-Access-Control-and-Identity.md,"A mapping identifies repository reference evidence for one requirement; it does not prove live adoption, an AISVS level, AI system security, or compliance."
owasp-aisvs-1.0,1.0,C5,C5.2,v1.0-C5.2.3,2,Access Control & Identity for AI Components & Users / AI Resource Authorization & Classification,gap,,,,https://github.com/OWASP/AISVS/blob/78775233666a2022dcfb82037e5e029116955c00/1.0/en/0x10-C05-Access-Control-and-Identity.md,"A mapping identifies repository reference evidence for one requirement; it does not prove live adoption, an AISVS level, AI system security, or compliance."
owasp-aisvs-1.0,1.0,C5,C5.2,v1.0-C5.2.4,2,Access Control & Identity for AI Components & Users / AI Resource Authorization & Classification,gap,,,,https://github.com/OWASP/AISVS/blob/78775233666a2022dcfb82037e5e029116955c00/1.0/en/0x10-C05-Access-Control-and-Identity.md,"A mapping identifies repository reference evidence for one requirement; it does not prove live adoption, an AISVS level, AI system security, or compliance."
owasp-aisvs-1.0,1.0,C5,C5.2,v1.0-C5.2.5,2,Access Control & Identity for AI Components & Users / AI Resource Authorization & Classification,gap,,,,https://github.com/OWASP/AISVS/blob/78775233666a2022dcfb82037e5e029116955c00/1.0/en/0x10-C05-Access-Control-and-Identity.md,"A mapping identifies repository reference evidence for one requirement; it does not prove live adoption, an AISVS level, AI system security, or compliance."
owasp-aisvs-1.0,1.0,C5,C5.2,v1.0-C5.2.6,3,Access Control & Identity for AI Components & Users / AI Resource Authorization & Classification,gap,,,,https://github.com/OWASP/AISVS/blob/78775233666a2022dcfb82037e5e029116955c00/1.0/en/0x10-C05-Access-Control-and-Identity.md,"A mapping identifies repository reference evidence for one requirement; it does not prove live adoption, an AISVS level, AI system security, or compliance."
owasp-aisvs-1.0,1.0,C5,C5.2,v1.0-C5.2.7,3,Access Control & Identity for AI Components & Users / AI Resource Authorization & Classification,mapped-evidence,PSB-AI-011-RAG-005; PSB-AI-011-RAG-007,supports,Authorized tenant and classification metadata is copied from source through chunk snapshot and retrieval-result provenance; live prompt caches model outputs and downstream connectors remain outside fixture evidence.,https://github.com/OWASP/AISVS/blob/78775233666a2022dcfb82037e5e029116955c00/1.0/en/0x10-C05-Access-Control-and-Identity.md,"A mapping identifies repository reference evidence for one requirement; it does not prove live adoption, an AISVS level, AI system security, or compliance."
owasp-aisvs-1.0,1.0,C5,C5.3,v1.0-C5.3.1,2,Access Control & Identity for AI Components & Users / Multi-Tenant Isolation,gap,,,,https://github.com/OWASP/AISVS/blob/78775233666a2022dcfb82037e5e029116955c00/1.0/en/0x10-C05-Access-Control-and-Identity.md,"A mapping identifies repository reference evidence for one requirement; it does not prove live adoption, an AISVS level, AI system security, or compliance."
owasp-aisvs-1.0,1.0,C5,C5.3,v1.0-C5.3.2,3,Access Control & Identity for AI Components & Users / Multi-Tenant Isolation,gap,,,,https://github.com/OWASP/AISVS/blob/78775233666a2022dcfb82037e5e029116955c00/1.0/en/0x10-C05-Access-Control-and-Identity.md,"A mapping identifies repository reference evidence for one requirement; it does not prove live adoption, an AISVS level, AI system security, or compliance."
owasp-aisvs-1.0,1.0,C6,C6.1,v1.0-C6.1.1,1,Supply Chain Security for Models / Model Artifact Integrity,gap,,,,https://github.com/OWASP/AISVS/blob/78775233666a2022dcfb82037e5e029116955c00/1.0/en/0x10-C06-Supply-Chain.md,"A mapping identifies repository reference evidence for one requirement; it does not prove live adoption, an AISVS level, AI system security, or compliance."
owasp-aisvs-1.0,1.0,C6,C6.1,v1.0-C6.1.2,1,Supply Chain Security for Models / Model Artifact Integrity,mapped-evidence,PSB-DEPS-005-AMS-001; PSB-DEPS-005-AMS-006,verifies,Model and dataset intake requires exact approved HTTPS source full revision artifact digest license and use authorization before any staging handoff.,https://github.com/OWASP/AISVS/blob/78775233666a2022dcfb82037e5e029116955c00/1.0/en/0x10-C06-Supply-Chain.md,"A mapping identifies repository reference evidence for one requirement; it does not prove live adoption, an AISVS level, AI system security, or compliance."
owasp-aisvs-1.0,1.0,C6,C6.1,v1.0-C6.1.3,2,Supply Chain Security for Models / Model Artifact Integrity,mapped-evidence,PSB-DEPS-005-AMS-001; PSB-DEPS-005-AMS-005,verifies,Third-party model bytes are digest verified and included in a signed inspection statement from a current model-scoped signer before promotion.,https://github.com/OWASP/AISVS/blob/78775233666a2022dcfb82037e5e029116955c00/1.0/en/0x10-C06-Supply-Chain.md,"A mapping identifies repository reference evidence for one requirement; it does not prove live adoption, an AISVS level, AI system security, or compliance."
owasp-aisvs-1.0,1.0,C6,C6.1,v1.0-C6.1.4,2,Supply Chain Security for Models / Model Artifact Integrity,mapped-evidence,PSB-DETECT-002-TEV-001; PSB-DETECT-002-TEV-002; PSB-DETECT-002-TEV-003; PSB-DETECT-002-TEV-008,verifies,The exact model artifact cannot be promoted by the fixture release gate unless its immutable reviewed behavioral suite completes with passing evidence bound to the release decision.,https://github.com/OWASP/AISVS/blob/78775233666a2022dcfb82037e5e029116955c00/1.0/en/0x10-C06-Supply-Chain.md,"A mapping identifies repository reference evidence for one requirement; it does not prove live adoption, an AISVS level, AI system security, or compliance."
owasp-aisvs-1.0,1.0,C6,C6.2,v1.0-C6.2.1,1,Supply Chain Security for Models / AI BOM & Supply Chain Monitoring,mapped-evidence,PSB-DEPS-005-AMS-002; PSB-DEPS-005-AMS-006,verifies,The CycloneDX 1.7 ML-BOM is versioned and machine readable and records exact application model dataset loader hashes licenses source revisions and dependency relationships.,https://github.com/OWASP/AISVS/blob/78775233666a2022dcfb82037e5e029116955c00/1.0/en/0x10-C06-Supply-Chain.md,"A mapping identifies repository reference evidence for one requirement; it does not prove live adoption, an AISVS level, AI system security, or compliance."
owasp-aisvs-1.0,1.0,C6,C6.2,v1.0-C6.2.2,2,Supply Chain Security for Models / AI BOM & Supply Chain Monitoring,mapped-evidence,PSB-DEPS-005-AMS-005; PSB-DEPS-005-AMS-007,verifies,A current authorized Ed25519 signer binds the exact ML-BOM and its acquired model and dataset materials before the accepted bundle is handed to staging.,https://github.com/OWASP/AISVS/blob/78775233666a2022dcfb82037e5e029116955c00/1.0/en/0x10-C06-Supply-Chain.md,"A mapping identifies repository reference evidence for one requirement; it does not prove live adoption, an AISVS level, AI system security, or compliance."
owasp-aisvs-1.0,1.0,C6,C6.2,v1.0-C6.2.3,2,Supply Chain Security for Models / AI BOM & Supply Chain Monitoring,mapped-evidence,PSB-DEPS-005-AMS-002; PSB-DEPS-005-AMS-008,verifies,Exact graph hash provenance license and loader fields are mandatory and malformed missing or unevaluable trusted inputs fail with ERROR instead of producing an accepted bundle.,https://github.com/OWASP/AISVS/blob/78775233666a2022dcfb82037e5e029116955c00/1.0/en/0x10-C06-Supply-Chain.md,"A mapping identifies repository reference evidence for one requirement; it does not prove live adoption, an AISVS level, AI system security, or compliance."
owasp-aisvs-1.0,1.0,C7,C7.1,v1.0-C7.1.1,1,"Model Behavior, Output Control & Safety Assurance / Output Format Enforcement",mapped-evidence,PSB-AI-006-AAI-001; PSB-AI-006-AAI-007,verifies,Executable model proposals and returned action results must match strict reviewed schemas and unknown free-form fields or result shapes are rejected before execution or downstream use.,https://github.com/OWASP/AISVS/blob/78775233666a2022dcfb82037e5e029116955c00/1.0/en/0x10-C07-Model-Behavior.md,"A mapping identifies repository reference evidence for one requirement; it does not prove live adoption, an AISVS level, AI system security, or compliance."
owasp-aisvs-1.0,1.0,C7,C7.1,v1.0-C7.1.2,1,"Model Behavior, Output Control & Safety Assurance / Output Format Enforcement",gap,,,,https://github.com/OWASP/AISVS/blob/78775233666a2022dcfb82037e5e029116955c00/1.0/en/0x10-C07-Model-Behavior.md,"A mapping identifies repository reference evidence for one requirement; it does not prove live adoption, an AISVS level, AI system security, or compliance."
owasp-aisvs-1.0,1.0,C7,C7.2,v1.0-C7.2.1,2,"Model Behavior, Output Control & Safety Assurance / Hallucination Detection & Mitigation",gap,,,,https://github.com/OWASP/AISVS/blob/78775233666a2022dcfb82037e5e029116955c00/1.0/en/0x10-C07-Model-Behavior.md,"A mapping identifies repository reference evidence for one requirement; it does not prove live adoption, an AISVS level, AI system security, or compliance."
owasp-aisvs-1.0,1.0,C7,C7.2,v1.0-C7.2.2,2,"Model Behavior, Output Control & Safety Assurance / Hallucination Detection & Mitigation",gap,,,,https://github.com/OWASP/AISVS/blob/78775233666a2022dcfb82037e5e029116955c00/1.0/en/0x10-C07-Model-Behavior.md,"A mapping identifies repository reference evidence for one requirement; it does not prove live adoption, an AISVS level, AI system security, or compliance."
owasp-aisvs-1.0,1.0,C7,C7.2,v1.0-C7.2.3,3,"Model Behavior, Output Control & Safety Assurance / Hallucination Detection & Mitigation",gap,,,,https://github.com/OWASP/AISVS/blob/78775233666a2022dcfb82037e5e029116955c00/1.0/en/0x10-C07-Model-Behavior.md,"A mapping identifies repository reference evidence for one requirement; it does not prove live adoption, an AISVS level, AI system security, or compliance."
owasp-aisvs-1.0,1.0,C7,C7.3,v1.0-C7.3.1,1,"Model Behavior, Output Control & Safety Assurance / Output Safety",gap,,,,https://github.com/OWASP/AISVS/blob/78775233666a2022dcfb82037e5e029116955c00/1.0/en/0x10-C07-Model-Behavior.md,"A mapping identifies repository reference evidence for one requirement; it does not prove live adoption, an AISVS level, AI system security, or compliance."
owasp-aisvs-1.0,1.0,C7,C7.3,v1.0-C7.3.2,2,"Model Behavior, Output Control & Safety Assurance / Output Safety",gap,,,,https://github.com/OWASP/AISVS/blob/78775233666a2022dcfb82037e5e029116955c00/1.0/en/0x10-C07-Model-Behavior.md,"A mapping identifies repository reference evidence for one requirement; it does not prove live adoption, an AISVS level, AI system security, or compliance."
owasp-aisvs-1.0,1.0,C7,C7.3,v1.0-C7.3.3,2,"Model Behavior, Output Control & Safety Assurance / Output Safety",gap,,,,https://github.com/OWASP/AISVS/blob/78775233666a2022dcfb82037e5e029116955c00/1.0/en/0x10-C07-Model-Behavior.md,"A mapping identifies repository reference evidence for one requirement; it does not prove live adoption, an AISVS level, AI system security, or compliance."
owasp-aisvs-1.0,1.0,C7,C7.3,v1.0-C7.3.4,3,"Model Behavior, Output Control & Safety Assurance / Output Safety",gap,,,,https://github.com/OWASP/AISVS/blob/78775233666a2022dcfb82037e5e029116955c00/1.0/en/0x10-C07-Model-Behavior.md,"A mapping identifies repository reference evidence for one requirement; it does not prove live adoption, an AISVS level, AI system security, or compliance."
owasp-aisvs-1.0,1.0,C7,C7.4,v1.0-C7.4.1,1,"Model Behavior, Output Control & Safety Assurance / Source Attribution & Citation Integrity",gap,,,,https://github.com/OWASP/AISVS/blob/78775233666a2022dcfb82037e5e029116955c00/1.0/en/0x10-C07-Model-Behavior.md,"A mapping identifies repository reference evidence for one requirement; it does not prove live adoption, an AISVS level, AI system security, or compliance."
owasp-aisvs-1.0,1.0,C7,C7.4,v1.0-C7.4.2,1,"Model Behavior, Output Control & Safety Assurance / Source Attribution & Citation Integrity",mapped-evidence,PSB-AI-011-RAG-007,supports,Result attribution is assembled from exact retrieval metadata and immutable source chunk snapshot and embedding identities rather than generated model text.,https://github.com/OWASP/AISVS/blob/78775233666a2022dcfb82037e5e029116955c00/1.0/en/0x10-C07-Model-Behavior.md,"A mapping identifies repository reference evidence for one requirement; it does not prove live adoption, an AISVS level, AI system security, or compliance."
owasp-aisvs-1.0,1.0,C7,C7.4,v1.0-C7.4.3,2,"Model Behavior, Output Control & Safety Assurance / Source Attribution & Citation Integrity",gap,,,,https://github.com/OWASP/AISVS/blob/78775233666a2022dcfb82037e5e029116955c00/1.0/en/0x10-C07-Model-Behavior.md,"A mapping identifies repository reference evidence for one requirement; it does not prove live adoption, an AISVS level, AI system security, or compliance."
owasp-aisvs-1.0,1.0,C7,C7.4,v1.0-C7.4.4,3,"Model Behavior, Output Control & Safety Assurance / Source Attribution & Citation Integrity",gap,,,,https://github.com/OWASP/AISVS/blob/78775233666a2022dcfb82037e5e029116955c00/1.0/en/0x10-C07-Model-Behavior.md,"A mapping identifies repository reference evidence for one requirement; it does not prove live adoption, an AISVS level, AI system security, or compliance."
owasp-aisvs-1.0,1.0,C8,C8.1,v1.0-C8.1.1,1,"Memory, Embeddings & Vector Database Security / Access Controls on Memory & RAG Indices",gap,,,,https://github.com/OWASP/AISVS/blob/78775233666a2022dcfb82037e5e029116955c00/1.0/en/0x10-C08-Memory-Embeddings-and-Vector-Database.md,"A mapping identifies repository reference evidence for one requirement; it does not prove live adoption, an AISVS level, AI system security, or compliance."
owasp-aisvs-1.0,1.0,C8,C8.1,v1.0-C8.1.2,2,"Memory, Embeddings & Vector Database Security / Access Controls on Memory & RAG Indices",gap,,,,https://github.com/OWASP/AISVS/blob/78775233666a2022dcfb82037e5e029116955c00/1.0/en/0x10-C08-Memory-Embeddings-and-Vector-Database.md,"A mapping identifies repository reference evidence for one requirement; it does not prove live adoption, an AISVS level, AI system security, or compliance."
owasp-aisvs-1.0,1.0,C8,C8.1,v1.0-C8.1.3,2,"Memory, Embeddings & Vector Database Security / Access Controls on Memory & RAG Indices",mapped-evidence,PSB-AI-011-RAG-006,verifies,Every retrieval enforces principal tenant and maximum-classification scope and one-field scope mismatches are denied before context is returned.,https://github.com/OWASP/AISVS/blob/78775233666a2022dcfb82037e5e029116955c00/1.0/en/0x10-C08-Memory-Embeddings-and-Vector-Database.md,"A mapping identifies repository reference evidence for one requirement; it does not prove live adoption, an AISVS level, AI system security, or compliance."
owasp-aisvs-1.0,1.0,C8,C8.2,v1.0-C8.2.1,1,"Memory, Embeddings & Vector Database Security / Embedding Sanitization & Validation",gap,,,,https://github.com/OWASP/AISVS/blob/78775233666a2022dcfb82037e5e029116955c00/1.0/en/0x10-C08-Memory-Embeddings-and-Vector-Database.md,"A mapping identifies repository reference evidence for one requirement; it does not prove live adoption, an AISVS level, AI system security, or compliance."
owasp-aisvs-1.0,1.0,C8,C8.2,v1.0-C8.2.2,2,"Memory, Embeddings & Vector Database Security / Embedding Sanitization & Validation",gap,,,,https://github.com/OWASP/AISVS/blob/78775233666a2022dcfb82037e5e029116955c00/1.0/en/0x10-C08-Memory-Embeddings-and-Vector-Database.md,"A mapping identifies repository reference evidence for one requirement; it does not prove live adoption, an AISVS level, AI system security, or compliance."
owasp-aisvs-1.0,1.0,C8,C8.2,v1.0-C8.2.3,2,"Memory, Embeddings & Vector Database Security / Embedding Sanitization & Validation",mapped-evidence,PSB-AI-005-AIM-001; PSB-AI-005-AIM-002,verifies,Every candidate retains source provenance and integrity and untrusted agent or tool-derived content is denied before persistent trusted memory unless it has explicit user-approved source trust.,https://github.com/OWASP/AISVS/blob/78775233666a2022dcfb82037e5e029116955c00/1.0/en/0x10-C08-Memory-Embeddings-and-Vector-Database.md,"A mapping identifies repository reference evidence for one requirement; it does not prove live adoption, an AISVS level, AI system security, or compliance."
owasp-aisvs-1.0,1.0,C8,C8.2,v1.0-C8.2.4,3,"Memory, Embeddings & Vector Database Security / Embedding Sanitization & Validation",mapped-evidence,PSB-AI-011-RAG-003,verifies,An exact inert retrieval-manipulation marker is detected and the source is rejected before chunk embedding indexing or snapshot admission.,https://github.com/OWASP/AISVS/blob/78775233666a2022dcfb82037e5e029116955c00/1.0/en/0x10-C08-Memory-Embeddings-and-Vector-Database.md,"A mapping identifies repository reference evidence for one requirement; it does not prove live adoption, an AISVS level, AI system security, or compliance."
owasp-aisvs-1.0,1.0,C8,C8.2,v1.0-C8.2.5,3,"Memory, Embeddings & Vector Database Security / Embedding Sanitization & Validation",gap,,,,https://github.com/OWASP/AISVS/blob/78775233666a2022dcfb82037e5e029116955c00/1.0/en/0x10-C08-Memory-Embeddings-and-Vector-Database.md,"A mapping identifies repository reference evidence for one requirement; it does not prove live adoption, an AISVS level, AI system security, or compliance."
owasp-aisvs-1.0,1.0,C8,C8.3,v1.0-C8.3.1,2,"Memory, Embeddings & Vector Database Security / Memory Expiry & Revocation",mapped-evidence,PSB-AI-005-AIM-006; PSB-AI-005-AIM-007,supports,Retrieval denies expired or tombstoned agent-memory identities and deletes expired payloads within a bounded grace period; a live vector index and replica exclusion test remains separate adoption evidence.,https://github.com/OWASP/AISVS/blob/78775233666a2022dcfb82037e5e029116955c00/1.0/en/0x10-C08-Memory-Embeddings-and-Vector-Database.md,"A mapping identifies repository reference evidence for one requirement; it does not prove live adoption, an AISVS level, AI system security, or compliance."
owasp-aisvs-1.0,1.0,C8,C8.3,v1.0-C8.3.2,2,"Memory, Embeddings & Vector Database Security / Memory Expiry & Revocation",gap,,,,https://github.com/OWASP/AISVS/blob/78775233666a2022dcfb82037e5e029116955c00/1.0/en/0x10-C08-Memory-Embeddings-and-Vector-Database.md,"A mapping identifies repository reference evidence for one requirement; it does not prove live adoption, an AISVS level, AI system security, or compliance."
owasp-aisvs-1.0,1.0,C8,C8.3,v1.0-C8.3.3,3,"Memory, Embeddings & Vector Database Security / Memory Expiry & Revocation",gap,,,,https://github.com/OWASP/AISVS/blob/78775233666a2022dcfb82037e5e029116955c00/1.0/en/0x10-C08-Memory-Embeddings-and-Vector-Database.md,"A mapping identifies repository reference evidence for one requirement; it does not prove live adoption, an AISVS level, AI system security, or compliance."
owasp-aisvs-1.0,1.0,C9,C9.1,v1.0-C9.1.1,1,"Orchestration & Agentic Security / Execution Budgets, Loop Control, and Circuit Breakers",gap,,,,https://github.com/OWASP/AISVS/blob/78775233666a2022dcfb82037e5e029116955c00/1.0/en/0x10-C09-Orchestration-and-Agentic-Action.md,"A mapping identifies repository reference evidence for one requirement; it does not prove live adoption, an AISVS level, AI system security, or compliance."
owasp-aisvs-1.0,1.0,C9,C9.1,v1.0-C9.1.2,1,"Orchestration & Agentic Security / Execution Budgets, Loop Control, and Circuit Breakers",mapped-evidence,PSB-AI-007-ARB-002; PSB-AI-007-ARB-003; PSB-AI-007-ARB-004; PSB-AI-007-ARB-005; PSB-AI-007-ARB-006; PSB-AI-007-ARB-007,verifies,Runtime decisions independently enforce per-session token cost duration tool-call high-impact retry and recursion ceilings before allocating more work or side effects.,https://github.com/OWASP/AISVS/blob/78775233666a2022dcfb82037e5e029116955c00/1.0/en/0x10-C09-Orchestration-and-Agentic-Action.md,"A mapping identifies repository reference evidence for one requirement; it does not prove live adoption, an AISVS level, AI system security, or compliance."
owasp-aisvs-1.0,1.0,C9,C9.1,v1.0-C9.1.3,2,"Orchestration & Agentic Security / Execution Budgets, Loop Control, and Circuit Breakers",gap,,,,https://github.com/OWASP/AISVS/blob/78775233666a2022dcfb82037e5e029116955c00/1.0/en/0x10-C09-Orchestration-and-Agentic-Action.md,"A mapping identifies repository reference evidence for one requirement; it does not prove live adoption, an AISVS level, AI system security, or compliance."
owasp-aisvs-1.0,1.0,C9,C9.2,v1.0-C9.2.1,1,Orchestration & Agentic Security / High-Impact Action Approval and Irreversibility Controls,mapped-evidence,PSB-AI-004-AAR-005; PSB-AI-004-AAR-008; PSB-AI-004-AAR-009; PSB-AI-004-AAR-010; PSB-AI-004-AAR-011; PSB-AI-004-AAR-014,verifies,Source publication and every classified high-impact operation remain blocked until one exact current independently issued approval passes validation; denied operations cannot request an override.,https://github.com/OWASP/AISVS/blob/78775233666a2022dcfb82037e5e029116955c00/1.0/en/0x10-C09-Orchestration-and-Agentic-Action.md,"A mapping identifies repository reference evidence for one requirement; it does not prove live adoption, an AISVS level, AI system security, or compliance."
owasp-aisvs-1.0,1.0,C9,C9.2,v1.0-C9.2.2,2,Orchestration & Agentic Security / High-Impact Action Approval and Irreversibility Controls,gap,,,,https://github.com/OWASP/AISVS/blob/78775233666a2022dcfb82037e5e029116955c00/1.0/en/0x10-C09-Orchestration-and-Agentic-Action.md,"A mapping identifies repository reference evidence for one requirement; it does not prove live adoption, an AISVS level, AI system security, or compliance."
owasp-aisvs-1.0,1.0,C9,C9.2,v1.0-C9.2.3,2,Orchestration & Agentic Security / High-Impact Action Approval and Irreversibility Controls,gap,,,,https://github.com/OWASP/AISVS/blob/78775233666a2022dcfb82037e5e029116955c00/1.0/en/0x10-C09-Orchestration-and-Agentic-Action.md,"A mapping identifies repository reference evidence for one requirement; it does not prove live adoption, an AISVS level, AI system security, or compliance."
owasp-aisvs-1.0,1.0,C9,C9.2,v1.0-C9.2.4,2,Orchestration & Agentic Security / High-Impact Action Approval and Irreversibility Controls,gap,,,,https://github.com/OWASP/AISVS/blob/78775233666a2022dcfb82037e5e029116955c00/1.0/en/0x10-C09-Orchestration-and-Agentic-Action.md,"A mapping identifies repository reference evidence for one requirement; it does not prove live adoption, an AISVS level, AI system security, or compliance."
owasp-aisvs-1.0,1.0,C9,C9.2,v1.0-C9.2.5,2,Orchestration & Agentic Security / High-Impact Action Approval and Irreversibility Controls,gap,,,,https://github.com/OWASP/AISVS/blob/78775233666a2022dcfb82037e5e029116955c00/1.0/en/0x10-C09-Orchestration-and-Agentic-Action.md,"A mapping identifies repository reference evidence for one requirement; it does not prove live adoption, an AISVS level, AI system security, or compliance."
owasp-aisvs-1.0,1.0,C9,C9.2,v1.0-C9.2.6,2,Orchestration & Agentic Security / High-Impact Action Approval and Irreversibility Controls,gap,,,,https://github.com/OWASP/AISVS/blob/78775233666a2022dcfb82037e5e029116955c00/1.0/en/0x10-C09-Orchestration-and-Agentic-Action.md,"A mapping identifies repository reference evidence for one requirement; it does not prove live adoption, an AISVS level, AI system security, or compliance."
owasp-aisvs-1.0,1.0,C9,C9.2,v1.0-C9.2.7,2,Orchestration & Agentic Security / High-Impact Action Approval and Irreversibility Controls,gap,,,,https://github.com/OWASP/AISVS/blob/78775233666a2022dcfb82037e5e029116955c00/1.0/en/0x10-C09-Orchestration-and-Agentic-Action.md,"A mapping identifies repository reference evidence for one requirement; it does not prove live adoption, an AISVS level, AI system security, or compliance."
owasp-aisvs-1.0,1.0,C9,C9.2,v1.0-C9.2.8,3,Orchestration & Agentic Security / High-Impact Action Approval and Irreversibility Controls,mapped-evidence,PSB-AI-004-AAR-009; PSB-AI-004-AAR-010; PSB-AI-004-AAR-011; PSB-AI-004-AAR-016; PSB-AI-004-AAR-017,verifies,"Approval signatures cover canonical action class tool operation target parameters policy requester agent context request digest and a single-use approval identity, with atomic replay prevention.",https://github.com/OWASP/AISVS/blob/78775233666a2022dcfb82037e5e029116955c00/1.0/en/0x10-C09-Orchestration-and-Agentic-Action.md,"A mapping identifies repository reference evidence for one requirement; it does not prove live adoption, an AISVS level, AI system security, or compliance."
owasp-aisvs-1.0,1.0,C9,C9.2,v1.0-C9.2.9,3,Orchestration & Agentic Security / High-Impact Action Approval and Irreversibility Controls,gap,,,,https://github.com/OWASP/AISVS/blob/78775233666a2022dcfb82037e5e029116955c00/1.0/en/0x10-C09-Orchestration-and-Agentic-Action.md,"A mapping identifies repository reference evidence for one requirement; it does not prove live adoption, an AISVS level, AI system security, or compliance."
owasp-aisvs-1.0,1.0,C9,C9.2,v1.0-C9.2.10,3,Orchestration & Agentic Security / High-Impact Action Approval and Irreversibility Controls,gap,,,,https://github.com/OWASP/AISVS/blob/78775233666a2022dcfb82037e5e029116955c00/1.0/en/0x10-C09-Orchestration-and-Agentic-Action.md,"A mapping identifies repository reference evidence for one requirement; it does not prove live adoption, an AISVS level, AI system security, or compliance."
owasp-aisvs-1.0,1.0,C9,C9.3,v1.0-C9.3.1,1,Orchestration & Agentic Security / Component Isolation and Tool Authorization,mapped-evidence,PSB-AI-004-AAR-001; PSB-AI-004-AAR-002; PSB-AI-004-AAR-003; PSB-AI-004-AAR-004; PSB-AI-004-AAR-012,verifies,Reviewed extensions and tool calls execute through a managed fail-closed agent sandbox with protected paths credentials and network unavailable outside exact policy; live provider process isolation remains adoption evidence.,https://github.com/OWASP/AISVS/blob/78775233666a2022dcfb82037e5e029116955c00/1.0/en/0x10-C09-Orchestration-and-Agentic-Action.md,"A mapping identifies repository reference evidence for one requirement; it does not prove live adoption, an AISVS level, AI system security, or compliance."
owasp-aisvs-1.0,1.0,C9,C9.3,v1.0-C9.3.2,1,Orchestration & Agentic Security / Component Isolation and Tool Authorization,mapped-evidence,PSB-AI-006-AAI-007,verifies,Every tool result is validated against its action-specific schema status set bounded shape and exact request and resource identities before downstream consumption.,https://github.com/OWASP/AISVS/blob/78775233666a2022dcfb82037e5e029116955c00/1.0/en/0x10-C09-Orchestration-and-Agentic-Action.md,"A mapping identifies repository reference evidence for one requirement; it does not prove live adoption, an AISVS level, AI system security, or compliance."
owasp-aisvs-1.0,1.0,C9,C9.3,v1.0-C9.3.3,2,Orchestration & Agentic Security / Component Isolation and Tool Authorization,gap,,,,https://github.com/OWASP/AISVS/blob/78775233666a2022dcfb82037e5e029116955c00/1.0/en/0x10-C09-Orchestration-and-Agentic-Action.md,"A mapping identifies repository reference evidence for one requirement; it does not prove live adoption, an AISVS level, AI system security, or compliance."
owasp-aisvs-1.0,1.0,C9,C9.3,v1.0-C9.3.4,2,Orchestration & Agentic Security / Component Isolation and Tool Authorization,gap,,,,https://github.com/OWASP/AISVS/blob/78775233666a2022dcfb82037e5e029116955c00/1.0/en/0x10-C09-Orchestration-and-Agentic-Action.md,"A mapping identifies repository reference evidence for one requirement; it does not prove live adoption, an AISVS level, AI system security, or compliance."
owasp-aisvs-1.0,1.0,C9,C9.3,v1.0-C9.3.5,2,Orchestration & Agentic Security / Component Isolation and Tool Authorization,gap,,,,https://github.com/OWASP/AISVS/blob/78775233666a2022dcfb82037e5e029116955c00/1.0/en/0x10-C09-Orchestration-and-Agentic-Action.md,"A mapping identifies repository reference evidence for one requirement; it does not prove live adoption, an AISVS level, AI system security, or compliance."
owasp-aisvs-1.0,1.0,C9,C9.3,v1.0-C9.3.6,2,Orchestration & Agentic Security / Component Isolation and Tool Authorization,gap,,,,https://github.com/OWASP/AISVS/blob/78775233666a2022dcfb82037e5e029116955c00/1.0/en/0x10-C09-Orchestration-and-Agentic-Action.md,"A mapping identifies repository reference evidence for one requirement; it does not prove live adoption, an AISVS level, AI system security, or compliance."
owasp-aisvs-1.0,1.0,C9,C9.3,v1.0-C9.3.7,2,Orchestration & Agentic Security / Component Isolation and Tool Authorization,gap,,,,https://github.com/OWASP/AISVS/blob/78775233666a2022dcfb82037e5e029116955c00/1.0/en/0x10-C09-Orchestration-and-Agentic-Action.md,"A mapping identifies repository reference evidence for one requirement; it does not prove live adoption, an AISVS level, AI system security, or compliance."
owasp-aisvs-1.0,1.0,C9,C9.3,v1.0-C9.3.8,3,Orchestration & Agentic Security / Component Isolation and Tool Authorization,mapped-evidence,PSB-AI-009-RRC-002; PSB-AI-009-RRC-004,supports,Attributable approval-replay and invalid-delegation violations trigger an authenticated containment command that stops model tool delegation and memory channels within the deadline.,https://github.com/OWASP/AISVS/blob/78775233666a2022dcfb82037e5e029116955c00/1.0/en/0x10-C09-Orchestration-and-Agentic-Action.md,"A mapping identifies repository reference evidence for one requirement; it does not prove live adoption, an AISVS level, AI system security, or compliance."
owasp-aisvs-1.0,1.0,C9,C9.4,v1.0-C9.4.1,2,Orchestration & Agentic Security / Agent and Orchestrator Identity,mapped-evidence,PSB-AI-008-MAD-001; PSB-AI-008-MAD-002,verifies,Each registered agent has an exact active public-key identity and both delegation and response payloads must authenticate the expected sender and recipient identities.,https://github.com/OWASP/AISVS/blob/78775233666a2022dcfb82037e5e029116955c00/1.0/en/0x10-C09-Orchestration-and-Agentic-Action.md,"A mapping identifies repository reference evidence for one requirement; it does not prove live adoption, an AISVS level, AI system security, or compliance."
owasp-aisvs-1.0,1.0,C9,C9.4,v1.0-C9.4.2,2,Orchestration & Agentic Security / Agent and Orchestrator Identity,gap,,,,https://github.com/OWASP/AISVS/blob/78775233666a2022dcfb82037e5e029116955c00/1.0/en/0x10-C09-Orchestration-and-Agentic-Action.md,"A mapping identifies repository reference evidence for one requirement; it does not prove live adoption, an AISVS level, AI system security, or compliance."
owasp-aisvs-1.0,1.0,C9,C9.4,v1.0-C9.4.3,3,Orchestration & Agentic Security / Agent and Orchestrator Identity,gap,,,,https://github.com/OWASP/AISVS/blob/78775233666a2022dcfb82037e5e029116955c00/1.0/en/0x10-C09-Orchestration-and-Agentic-Action.md,"A mapping identifies repository reference evidence for one requirement; it does not prove live adoption, an AISVS level, AI system security, or compliance."
owasp-aisvs-1.0,1.0,C9,C9.4,v1.0-C9.4.4,3,Orchestration & Agentic Security / Agent and Orchestrator Identity,gap,,,,https://github.com/OWASP/AISVS/blob/78775233666a2022dcfb82037e5e029116955c00/1.0/en/0x10-C09-Orchestration-and-Agentic-Action.md,"A mapping identifies repository reference evidence for one requirement; it does not prove live adoption, an AISVS level, AI system security, or compliance."
owasp-aisvs-1.0,1.0,C9,C9.5,v1.0-C9.5.1,2,"Orchestration & Agentic Security / Agent Authorization, Delegation, and Continuous Enforcement",mapped-evidence,PSB-AI-004-AAR-012; PSB-AI-004-AAR-013; PSB-AI-004-AAR-015; PSB-AI-004-AAR-022; PSB-AI-004-AAR-024; PSB-AI-006-AAI-003; PSB-AI-006-AAI-005,verifies,Independent policy restricts registered actions exact targets typed bounded parameters and freshness and prevents execution from diverging from the authorized decision.; Managed runtime policy restricts exact tool identities argument effects and bounded writes while an independent gateway and typed broker deny unclassified or indirect parameter paths before side effects.,https://github.com/OWASP/AISVS/blob/78775233666a2022dcfb82037e5e029116955c00/1.0/en/0x10-C09-Orchestration-and-Agentic-Action.md,"A mapping identifies repository reference evidence for one requirement; it does not prove live adoption, an AISVS level, AI system security, or compliance."
owasp-aisvs-1.0,1.0,C9,C9.5,v1.0-C9.5.2,2,"Orchestration & Agentic Security / Agent Authorization, Delegation, and Continuous Enforcement",gap,,,,https://github.com/OWASP/AISVS/blob/78775233666a2022dcfb82037e5e029116955c00/1.0/en/0x10-C09-Orchestration-and-Agentic-Action.md,"A mapping identifies repository reference evidence for one requirement; it does not prove live adoption, an AISVS level, AI system security, or compliance."
owasp-aisvs-1.0,1.0,C9,C9.5,v1.0-C9.5.3,2,"Orchestration & Agentic Security / Agent Authorization, Delegation, and Continuous Enforcement",mapped-evidence,PSB-AI-006-AAI-003; PSB-AI-006-AAI-004; PSB-AI-006-AAI-005,verifies,Action and resource authorization is derived by independent deterministic policy and bound to a separately issued authorization rather than accepted from model output.,https://github.com/OWASP/AISVS/blob/78775233666a2022dcfb82037e5e029116955c00/1.0/en/0x10-C09-Orchestration-and-Agentic-Action.md,"A mapping identifies repository reference evidence for one requirement; it does not prove live adoption, an AISVS level, AI system security, or compliance."
owasp-aisvs-1.0,1.0,C9,C9.5,v1.0-C9.5.4,2,"Orchestration & Agentic Security / Agent Authorization, Delegation, and Continuous Enforcement",mapped-evidence,PSB-AI-010-AIG-005; PSB-AI-010-AIG-006; PSB-AI-010-AIG-007,verifies,Credential secret source-code and regulated classes are denied before provider dispatch while approved personal data is locally redacted and minimized so prohibited values cannot enter the model context.,https://github.com/OWASP/AISVS/blob/78775233666a2022dcfb82037e5e029116955c00/1.0/en/0x10-C09-Orchestration-and-Agentic-Action.md,"A mapping identifies repository reference evidence for one requirement; it does not prove live adoption, an AISVS level, AI system security, or compliance."
owasp-aisvs-1.0,1.0,C9,C9.5,v1.0-C9.5.5,2,"Orchestration & Agentic Security / Agent Authorization, Delegation, and Continuous Enforcement",mapped-evidence,PSB-AI-008-MAD-003; PSB-AI-008-MAD-004; PSB-AI-008-MAD-005; PSB-AI-008-MAD-006; PSB-AI-008-MAD-007; PSB-AI-008-MAD-008,verifies,A signed delegation is admitted only on one explicit parent sender recipient purpose edge and cannot exceed capability tenant resource classification budget freshness replay or hop ceilings.,https://github.com/OWASP/AISVS/blob/78775233666a2022dcfb82037e5e029116955c00/1.0/en/0x10-C09-Orchestration-and-Agentic-Action.md,"A mapping identifies repository reference evidence for one requirement; it does not prove live adoption, an AISVS level, AI system security, or compliance."
owasp-aisvs-1.0,1.0,C9,C9.5,v1.0-C9.5.6,3,"Orchestration & Agentic Security / Agent Authorization, Delegation, and Continuous Enforcement",gap,,,,https://github.com/OWASP/AISVS/blob/78775233666a2022dcfb82037e5e029116955c00/1.0/en/0x10-C09-Orchestration-and-Agentic-Action.md,"A mapping identifies repository reference evidence for one requirement; it does not prove live adoption, an AISVS level, AI system security, or compliance."
owasp-aisvs-1.0,1.0,C9,C9.6,v1.0-C9.6.1,1,Orchestration & Agentic Security / Shutdown and Graceful Degradation,mapped-evidence,PSB-AI-009-RRC-003; PSB-AI-009-RRC-004,verifies,An authenticated manual containment command halts new model calls outputs tool dispatch delegation and memory writes for the exact agent session within sixty seconds.,https://github.com/OWASP/AISVS/blob/78775233666a2022dcfb82037e5e029116955c00/1.0/en/0x10-C09-Orchestration-and-Agentic-Action.md,"A mapping identifies repository reference evidence for one requirement; it does not prove live adoption, an AISVS level, AI system security, or compliance."
owasp-aisvs-1.0,1.0,C9,C9.6,v1.0-C9.6.2,2,Orchestration & Agentic Security / Shutdown and Graceful Degradation,gap,,,,https://github.com/OWASP/AISVS/blob/78775233666a2022dcfb82037e5e029116955c00/1.0/en/0x10-C09-Orchestration-and-Agentic-Action.md,"A mapping identifies repository reference evidence for one requirement; it does not prove live adoption, an AISVS level, AI system security, or compliance."
owasp-aisvs-1.0,1.0,C9,C9.6,v1.0-C9.6.3,3,Orchestration & Agentic Security / Shutdown and Graceful Degradation,mapped-evidence,PSB-AI-009-RRC-001; PSB-AI-009-RRC-003,verifies,The kill command and policy are owned by an out-of-band control plane whose authority and signing keys are outside the agent model repository and extension boundary.,https://github.com/OWASP/AISVS/blob/78775233666a2022dcfb82037e5e029116955c00/1.0/en/0x10-C09-Orchestration-and-Agentic-Action.md,"A mapping identifies repository reference evidence for one requirement; it does not prove live adoption, an AISVS level, AI system security, or compliance."
owasp-aisvs-1.0,1.0,C10,C10.1,v1.0-C10.1.1,1,Model Context Protocol (MCP) Security / Component Integrity,mapped-evidence,PSB-AI-002-AID-001; PSB-AI-002-AID-002,verifies,"Exact official source commit and local artifact digest plus current independent review directly verify that governed MCP components come from a trusted immutable source and are integrity checked, without asserting runtime safety.",https://github.com/OWASP/AISVS/blob/78775233666a2022dcfb82037e5e029116955c00/1.0/en/0x10-C10-MCP-Security.md,"A mapping identifies repository reference evidence for one requirement; it does not prove live adoption, an AISVS level, AI system security, or compliance."
owasp-aisvs-1.0,1.0,C10,C10.1,v1.0-C10.1.2,2,Model Context Protocol (MCP) Security / Component Integrity,mapped-evidence,PSB-AI-002-AID-004; PSB-AI-002-AID-007; PSB-AI-004-AAR-012; PSB-AI-004-AAR-018,verifies,"Exact managed MCP identities and tool sets are allow-listed and reconciled against fresh installed runtime inventories, while unknown servers and extensions are denied.; The dependency capability allow-list and exact runtime handoff permit only reviewed MCP server identities and tool sets; PSB-AI-004 remains responsible for live enforcement.",https://github.com/OWASP/AISVS/blob/78775233666a2022dcfb82037e5e029116955c00/1.0/en/0x10-C10-MCP-Security.md,"A mapping identifies repository reference evidence for one requirement; it does not prove live adoption, an AISVS level, AI system security, or compliance."
owasp-aisvs-1.0,1.0,C10,C10.1,v1.0-C10.1.3,2,Model Context Protocol (MCP) Security / Component Integrity,gap,,,,https://github.com/OWASP/AISVS/blob/78775233666a2022dcfb82037e5e029116955c00/1.0/en/0x10-C10-MCP-Security.md,"A mapping identifies repository reference evidence for one requirement; it does not prove live adoption, an AISVS level, AI system security, or compliance."
owasp-aisvs-1.0,1.0,C10,C10.2,v1.0-C10.2.1,1,Model Context Protocol (MCP) Security / Authentication & Authorization,gap,,,,https://github.com/OWASP/AISVS/blob/78775233666a2022dcfb82037e5e029116955c00/1.0/en/0x10-C10-MCP-Security.md,"A mapping identifies repository reference evidence for one requirement; it does not prove live adoption, an AISVS level, AI system security, or compliance."
owasp-aisvs-1.0,1.0,C10,C10.2,v1.0-C10.2.2,1,Model Context Protocol (MCP) Security / Authentication & Authorization,gap,,,,https://github.com/OWASP/AISVS/blob/78775233666a2022dcfb82037e5e029116955c00/1.0/en/0x10-C10-MCP-Security.md,"A mapping identifies repository reference evidence for one requirement; it does not prove live adoption, an AISVS level, AI system security, or compliance."
owasp-aisvs-1.0,1.0,C10,C10.2,v1.0-C10.2.3,1,Model Context Protocol (MCP) Security / Authentication & Authorization,gap,,,,https://github.com/OWASP/AISVS/blob/78775233666a2022dcfb82037e5e029116955c00/1.0/en/0x10-C10-MCP-Security.md,"A mapping identifies repository reference evidence for one requirement; it does not prove live adoption, an AISVS level, AI system security, or compliance."
owasp-aisvs-1.0,1.0,C10,C10.2,v1.0-C10.2.4,2,Model Context Protocol (MCP) Security / Authentication & Authorization,gap,,,,https://github.com/OWASP/AISVS/blob/78775233666a2022dcfb82037e5e029116955c00/1.0/en/0x10-C10-MCP-Security.md,"A mapping identifies repository reference evidence for one requirement; it does not prove live adoption, an AISVS level, AI system security, or compliance."
owasp-aisvs-1.0,1.0,C10,C10.2,v1.0-C10.2.5,2,Model Context Protocol (MCP) Security / Authentication & Authorization,gap,,,,https://github.com/OWASP/AISVS/blob/78775233666a2022dcfb82037e5e029116955c00/1.0/en/0x10-C10-MCP-Security.md,"A mapping identifies repository reference evidence for one requirement; it does not prove live adoption, an AISVS level, AI system security, or compliance."
owasp-aisvs-1.0,1.0,C10,C10.2,v1.0-C10.2.6,2,Model Context Protocol (MCP) Security / Authentication & Authorization,gap,,,,https://github.com/OWASP/AISVS/blob/78775233666a2022dcfb82037e5e029116955c00/1.0/en/0x10-C10-MCP-Security.md,"A mapping identifies repository reference evidence for one requirement; it does not prove live adoption, an AISVS level, AI system security, or compliance."
owasp-aisvs-1.0,1.0,C10,C10.2,v1.0-C10.2.7,2,Model Context Protocol (MCP) Security / Authentication & Authorization,gap,,,,https://github.com/OWASP/AISVS/blob/78775233666a2022dcfb82037e5e029116955c00/1.0/en/0x10-C10-MCP-Security.md,"A mapping identifies repository reference evidence for one requirement; it does not prove live adoption, an AISVS level, AI system security, or compliance."
owasp-aisvs-1.0,1.0,C10,C10.3,v1.0-C10.3.1,1,Model Context Protocol (MCP) Security / Secure Transport,gap,,,,https://github.com/OWASP/AISVS/blob/78775233666a2022dcfb82037e5e029116955c00/1.0/en/0x10-C10-MCP-Security.md,"A mapping identifies repository reference evidence for one requirement; it does not prove live adoption, an AISVS level, AI system security, or compliance."
owasp-aisvs-1.0,1.0,C10,C10.3,v1.0-C10.3.2,1,Model Context Protocol (MCP) Security / Secure Transport,gap,,,,https://github.com/OWASP/AISVS/blob/78775233666a2022dcfb82037e5e029116955c00/1.0/en/0x10-C10-MCP-Security.md,"A mapping identifies repository reference evidence for one requirement; it does not prove live adoption, an AISVS level, AI system security, or compliance."
owasp-aisvs-1.0,1.0,C10,C10.3,v1.0-C10.3.3,2,Model Context Protocol (MCP) Security / Secure Transport,gap,,,,https://github.com/OWASP/AISVS/blob/78775233666a2022dcfb82037e5e029116955c00/1.0/en/0x10-C10-MCP-Security.md,"A mapping identifies repository reference evidence for one requirement; it does not prove live adoption, an AISVS level, AI system security, or compliance."
owasp-aisvs-1.0,1.0,C10,C10.3,v1.0-C10.3.4,2,Model Context Protocol (MCP) Security / Secure Transport,gap,,,,https://github.com/OWASP/AISVS/blob/78775233666a2022dcfb82037e5e029116955c00/1.0/en/0x10-C10-MCP-Security.md,"A mapping identifies repository reference evidence for one requirement; it does not prove live adoption, an AISVS level, AI system security, or compliance."
owasp-aisvs-1.0,1.0,C10,C10.3,v1.0-C10.3.5,3,Model Context Protocol (MCP) Security / Secure Transport,gap,,,,https://github.com/OWASP/AISVS/blob/78775233666a2022dcfb82037e5e029116955c00/1.0/en/0x10-C10-MCP-Security.md,"A mapping identifies repository reference evidence for one requirement; it does not prove live adoption, an AISVS level, AI system security, or compliance."
owasp-aisvs-1.0,1.0,C10,C10.4,v1.0-C10.4.1,1,"Model Context Protocol (MCP) Security / Schema, Message, and Input Validation",gap,,,,https://github.com/OWASP/AISVS/blob/78775233666a2022dcfb82037e5e029116955c00/1.0/en/0x10-C10-MCP-Security.md,"A mapping identifies repository reference evidence for one requirement; it does not prove live adoption, an AISVS level, AI system security, or compliance."
owasp-aisvs-1.0,1.0,C10,C10.4,v1.0-C10.4.2,1,"Model Context Protocol (MCP) Security / Schema, Message, and Input Validation",gap,,,,https://github.com/OWASP/AISVS/blob/78775233666a2022dcfb82037e5e029116955c00/1.0/en/0x10-C10-MCP-Security.md,"A mapping identifies repository reference evidence for one requirement; it does not prove live adoption, an AISVS level, AI system security, or compliance."
owasp-aisvs-1.0,1.0,C10,C10.4,v1.0-C10.4.3,1,"Model Context Protocol (MCP) Security / Schema, Message, and Input Validation",gap,,,,https://github.com/OWASP/AISVS/blob/78775233666a2022dcfb82037e5e029116955c00/1.0/en/0x10-C10-MCP-Security.md,"A mapping identifies repository reference evidence for one requirement; it does not prove live adoption, an AISVS level, AI system security, or compliance."
owasp-aisvs-1.0,1.0,C10,C10.4,v1.0-C10.4.4,2,"Model Context Protocol (MCP) Security / Schema, Message, and Input Validation",gap,,,,https://github.com/OWASP/AISVS/blob/78775233666a2022dcfb82037e5e029116955c00/1.0/en/0x10-C10-MCP-Security.md,"A mapping identifies repository reference evidence for one requirement; it does not prove live adoption, an AISVS level, AI system security, or compliance."
owasp-aisvs-1.0,1.0,C10,C10.4,v1.0-C10.4.5,2,"Model Context Protocol (MCP) Security / Schema, Message, and Input Validation",gap,,,,https://github.com/OWASP/AISVS/blob/78775233666a2022dcfb82037e5e029116955c00/1.0/en/0x10-C10-MCP-Security.md,"A mapping identifies repository reference evidence for one requirement; it does not prove live adoption, an AISVS level, AI system security, or compliance."
owasp-aisvs-1.0,1.0,C10,C10.4,v1.0-C10.4.6,2,"Model Context Protocol (MCP) Security / Schema, Message, and Input Validation",gap,,,,https://github.com/OWASP/AISVS/blob/78775233666a2022dcfb82037e5e029116955c00/1.0/en/0x10-C10-MCP-Security.md,"A mapping identifies repository reference evidence for one requirement; it does not prove live adoption, an AISVS level, AI system security, or compliance."
owasp-aisvs-1.0,1.0,C10,C10.4,v1.0-C10.4.7,2,"Model Context Protocol (MCP) Security / Schema, Message, and Input Validation",gap,,,,https://github.com/OWASP/AISVS/blob/78775233666a2022dcfb82037e5e029116955c00/1.0/en/0x10-C10-MCP-Security.md,"A mapping identifies repository reference evidence for one requirement; it does not prove live adoption, an AISVS level, AI system security, or compliance."
owasp-aisvs-1.0,1.0,C10,C10.4,v1.0-C10.4.8,3,"Model Context Protocol (MCP) Security / Schema, Message, and Input Validation",gap,,,,https://github.com/OWASP/AISVS/blob/78775233666a2022dcfb82037e5e029116955c00/1.0/en/0x10-C10-MCP-Security.md,"A mapping identifies repository reference evidence for one requirement; it does not prove live adoption, an AISVS level, AI system security, or compliance."
owasp-aisvs-1.0,1.0,C11,C11.1,v1.0-C11.1.1,1,"Adversarial Robustness / Model Alignment, Safety, and Robustness Testing and Training",gap,,,,https://github.com/OWASP/AISVS/blob/78775233666a2022dcfb82037e5e029116955c00/1.0/en/0x10-C11-Adversarial-Robustness.md,"A mapping identifies repository reference evidence for one requirement; it does not prove live adoption, an AISVS level, AI system security, or compliance."
owasp-aisvs-1.0,1.0,C11,C11.1,v1.0-C11.1.2,1,"Adversarial Robustness / Model Alignment, Safety, and Robustness Testing and Training",mapped-evidence,PSB-DETECT-002-TEV-001; PSB-DETECT-002-TEV-002; PSB-DETECT-002-TEV-008,supports,A version-controlled immutable AI security suite is bound to every exact release candidate and incomplete evaluation blocks release acceptance; product-specific alignment and disallowed-content coverage remains an explicit gap.,https://github.com/OWASP/AISVS/blob/78775233666a2022dcfb82037e5e029116955c00/1.0/en/0x10-C11-Adversarial-Robustness.md,"A mapping identifies repository reference evidence for one requirement; it does not prove live adoption, an AISVS level, AI system security, or compliance."
owasp-aisvs-1.0,1.0,C11,C11.1,v1.0-C11.1.3,1,"Adversarial Robustness / Model Alignment, Safety, and Robustness Testing and Training",mapped-evidence,PSB-DETECT-002-TEV-003; PSB-DETECT-002-TEV-004; PSB-DETECT-002-TEV-006,verifies,Threat-derived goal hijack tool misuse unexpected execution context poisoning resource and egress cases use exact inert fixtures oracles and known-vulnerable calibration to exercise relevant adversarial techniques.,https://github.com/OWASP/AISVS/blob/78775233666a2022dcfb82037e5e029116955c00/1.0/en/0x10-C11-Adversarial-Robustness.md,"A mapping identifies repository reference evidence for one requirement; it does not prove live adoption, an AISVS level, AI system security, or compliance."
owasp-aisvs-1.0,1.0,C11,C11.1,v1.0-C11.1.4,2,"Adversarial Robustness / Model Alignment, Safety, and Robustness Testing and Training",gap,,,,https://github.com/OWASP/AISVS/blob/78775233666a2022dcfb82037e5e029116955c00/1.0/en/0x10-C11-Adversarial-Robustness.md,"A mapping identifies repository reference evidence for one requirement; it does not prove live adoption, an AISVS level, AI system security, or compliance."
owasp-aisvs-1.0,1.0,C11,C11.1,v1.0-C11.1.5,3,"Adversarial Robustness / Model Alignment, Safety, and Robustness Testing and Training",gap,,,,https://github.com/OWASP/AISVS/blob/78775233666a2022dcfb82037e5e029116955c00/1.0/en/0x10-C11-Adversarial-Robustness.md,"A mapping identifies repository reference evidence for one requirement; it does not prove live adoption, an AISVS level, AI system security, or compliance."
owasp-aisvs-1.0,1.0,C11,C11.2,v1.0-C11.2.1,1,Adversarial Robustness / Membership-Inference and Model-Inversion Mitigation,gap,,,,https://github.com/OWASP/AISVS/blob/78775233666a2022dcfb82037e5e029116955c00/1.0/en/0x10-C11-Adversarial-Robustness.md,"A mapping identifies repository reference evidence for one requirement; it does not prove live adoption, an AISVS level, AI system security, or compliance."
owasp-aisvs-1.0,1.0,C11,C11.2,v1.0-C11.2.2,1,Adversarial Robustness / Membership-Inference and Model-Inversion Mitigation,gap,,,,https://github.com/OWASP/AISVS/blob/78775233666a2022dcfb82037e5e029116955c00/1.0/en/0x10-C11-Adversarial-Robustness.md,"A mapping identifies repository reference evidence for one requirement; it does not prove live adoption, an AISVS level, AI system security, or compliance."
owasp-aisvs-1.0,1.0,C11,C11.2,v1.0-C11.2.3,2,Adversarial Robustness / Membership-Inference and Model-Inversion Mitigation,gap,,,,https://github.com/OWASP/AISVS/blob/78775233666a2022dcfb82037e5e029116955c00/1.0/en/0x10-C11-Adversarial-Robustness.md,"A mapping identifies repository reference evidence for one requirement; it does not prove live adoption, an AISVS level, AI system security, or compliance."
owasp-aisvs-1.0,1.0,C11,C11.2,v1.0-C11.2.4,2,Adversarial Robustness / Membership-Inference and Model-Inversion Mitigation,gap,,,,https://github.com/OWASP/AISVS/blob/78775233666a2022dcfb82037e5e029116955c00/1.0/en/0x10-C11-Adversarial-Robustness.md,"A mapping identifies repository reference evidence for one requirement; it does not prove live adoption, an AISVS level, AI system security, or compliance."
owasp-aisvs-1.0,1.0,C11,C11.2,v1.0-C11.2.5,3,Adversarial Robustness / Membership-Inference and Model-Inversion Mitigation,gap,,,,https://github.com/OWASP/AISVS/blob/78775233666a2022dcfb82037e5e029116955c00/1.0/en/0x10-C11-Adversarial-Robustness.md,"A mapping identifies repository reference evidence for one requirement; it does not prove live adoption, an AISVS level, AI system security, or compliance."
owasp-aisvs-1.0,1.0,C11,C11.3,v1.0-C11.3.1,1,Adversarial Robustness / Model-Extraction Defense,gap,,,,https://github.com/OWASP/AISVS/blob/78775233666a2022dcfb82037e5e029116955c00/1.0/en/0x10-C11-Adversarial-Robustness.md,"A mapping identifies repository reference evidence for one requirement; it does not prove live adoption, an AISVS level, AI system security, or compliance."
owasp-aisvs-1.0,1.0,C11,C11.3,v1.0-C11.3.2,2,Adversarial Robustness / Model-Extraction Defense,gap,,,,https://github.com/OWASP/AISVS/blob/78775233666a2022dcfb82037e5e029116955c00/1.0/en/0x10-C11-Adversarial-Robustness.md,"A mapping identifies repository reference evidence for one requirement; it does not prove live adoption, an AISVS level, AI system security, or compliance."
owasp-aisvs-1.0,1.0,C11,C11.3,v1.0-C11.3.3,3,Adversarial Robustness / Model-Extraction Defense,gap,,,,https://github.com/OWASP/AISVS/blob/78775233666a2022dcfb82037e5e029116955c00/1.0/en/0x10-C11-Adversarial-Robustness.md,"A mapping identifies repository reference evidence for one requirement; it does not prove live adoption, an AISVS level, AI system security, or compliance."
owasp-aisvs-1.0,1.0,C11,C11.3,v1.0-C11.3.4,3,Adversarial Robustness / Model-Extraction Defense,gap,,,,https://github.com/OWASP/AISVS/blob/78775233666a2022dcfb82037e5e029116955c00/1.0/en/0x10-C11-Adversarial-Robustness.md,"A mapping identifies repository reference evidence for one requirement; it does not prove live adoption, an AISVS level, AI system security, or compliance."
owasp-aisvs-1.0,1.0,C11,C11.4,v1.0-C11.4.1,2,Adversarial Robustness / Model Runtime Anomaly Detection,gap,,,,https://github.com/OWASP/AISVS/blob/78775233666a2022dcfb82037e5e029116955c00/1.0/en/0x10-C11-Adversarial-Robustness.md,"A mapping identifies repository reference evidence for one requirement; it does not prove live adoption, an AISVS level, AI system security, or compliance."
owasp-aisvs-1.0,1.0,C11,C11.4,v1.0-C11.4.2,2,Adversarial Robustness / Model Runtime Anomaly Detection,gap,,,,https://github.com/OWASP/AISVS/blob/78775233666a2022dcfb82037e5e029116955c00/1.0/en/0x10-C11-Adversarial-Robustness.md,"A mapping identifies repository reference evidence for one requirement; it does not prove live adoption, an AISVS level, AI system security, or compliance."
owasp-aisvs-1.0,1.0,C11,C11.4,v1.0-C11.4.3,3,Adversarial Robustness / Model Runtime Anomaly Detection,gap,,,,https://github.com/OWASP/AISVS/blob/78775233666a2022dcfb82037e5e029116955c00/1.0/en/0x10-C11-Adversarial-Robustness.md,"A mapping identifies repository reference evidence for one requirement; it does not prove live adoption, an AISVS level, AI system security, or compliance."
owasp-aisvs-1.0,1.0,C12,C12.1,v1.0-C12.1.1,1,"Monitoring, Logging & Anomaly Detection / Request & Response Logging",mapped-evidence,PSB-AI-010-AIG-002; PSB-AI-010-AIG-008,supports,The authenticated workload session and every gateway decision produce a contiguous pre-dispatch interaction record with session target classification count digest and enforcement context but no content.,https://github.com/OWASP/AISVS/blob/78775233666a2022dcfb82037e5e029116955c00/1.0/en/0x10-C12-Monitoring-and-Logging.md,"A mapping identifies repository reference evidence for one requirement; it does not prove live adoption, an AISVS level, AI system security, or compliance."
owasp-aisvs-1.0,1.0,C12,C12.1,v1.0-C12.1.2,2,"Monitoring, Logging & Anomaly Detection / Request & Response Logging",mapped-evidence,PSB-AI-010-AIG-008; PSB-AI-010-AIG-009,supports,Classification redaction minimization route and provider-policy decisions are independently derived and logged before dispatch with reasons and enforcement state suitable for audit without copying sensitive content.,https://github.com/OWASP/AISVS/blob/78775233666a2022dcfb82037e5e029116955c00/1.0/en/0x10-C12-Monitoring-and-Logging.md,"A mapping identifies repository reference evidence for one requirement; it does not prove live adoption, an AISVS level, AI system security, or compliance."
owasp-aisvs-1.0,1.0,C12,C12.1,v1.0-C12.1.3,2,"Monitoring, Logging & Anomaly Detection / Request & Response Logging",gap,,,,https://github.com/OWASP/AISVS/blob/78775233666a2022dcfb82037e5e029116955c00/1.0/en/0x10-C12-Monitoring-and-Logging.md,"A mapping identifies repository reference evidence for one requirement; it does not prove live adoption, an AISVS level, AI system security, or compliance."
owasp-aisvs-1.0,1.0,C12,C12.1,v1.0-C12.1.4,2,"Monitoring, Logging & Anomaly Detection / Request & Response Logging",gap,,,,https://github.com/OWASP/AISVS/blob/78775233666a2022dcfb82037e5e029116955c00/1.0/en/0x10-C12-Monitoring-and-Logging.md,"A mapping identifies repository reference evidence for one requirement; it does not prove live adoption, an AISVS level, AI system security, or compliance."
owasp-aisvs-1.0,1.0,C12,C12.2,v1.0-C12.2.1,1,"Monitoring, Logging & Anomaly Detection / Detection and Alerting",gap,,,,https://github.com/OWASP/AISVS/blob/78775233666a2022dcfb82037e5e029116955c00/1.0/en/0x10-C12-Monitoring-and-Logging.md,"A mapping identifies repository reference evidence for one requirement; it does not prove live adoption, an AISVS level, AI system security, or compliance."
owasp-aisvs-1.0,1.0,C12,C12.2,v1.0-C12.2.2,2,"Monitoring, Logging & Anomaly Detection / Detection and Alerting",mapped-evidence,PSB-AI-007-ARB-006; PSB-AI-007-ARB-008; PSB-AI-007-ARB-009,supports,Excessive retries unknown-tool attempts approval replay and hook failures are detected as session anomalies and cause independently verified restriction circuit breaking and alert delivery.,https://github.com/OWASP/AISVS/blob/78775233666a2022dcfb82037e5e029116955c00/1.0/en/0x10-C12-Monitoring-and-Logging.md,"A mapping identifies repository reference evidence for one requirement; it does not prove live adoption, an AISVS level, AI system security, or compliance."
owasp-aisvs-1.0,1.0,C12,C12.2,v1.0-C12.2.3,2,"Monitoring, Logging & Anomaly Detection / Detection and Alerting",gap,,,,https://github.com/OWASP/AISVS/blob/78775233666a2022dcfb82037e5e029116955c00/1.0/en/0x10-C12-Monitoring-and-Logging.md,"A mapping identifies repository reference evidence for one requirement; it does not prove live adoption, an AISVS level, AI system security, or compliance."
owasp-aisvs-1.0,1.0,C12,C12.2,v1.0-C12.2.4,2,"Monitoring, Logging & Anomaly Detection / Detection and Alerting",gap,,,,https://github.com/OWASP/AISVS/blob/78775233666a2022dcfb82037e5e029116955c00/1.0/en/0x10-C12-Monitoring-and-Logging.md,"A mapping identifies repository reference evidence for one requirement; it does not prove live adoption, an AISVS level, AI system security, or compliance."
owasp-aisvs-1.0,1.0,C12,C12.2,v1.0-C12.2.5,2,"Monitoring, Logging & Anomaly Detection / Detection and Alerting",gap,,,,https://github.com/OWASP/AISVS/blob/78775233666a2022dcfb82037e5e029116955c00/1.0/en/0x10-C12-Monitoring-and-Logging.md,"A mapping identifies repository reference evidence for one requirement; it does not prove live adoption, an AISVS level, AI system security, or compliance."
owasp-aisvs-1.0,1.0,C12,C12.2,v1.0-C12.2.6,3,"Monitoring, Logging & Anomaly Detection / Detection and Alerting",gap,,,,https://github.com/OWASP/AISVS/blob/78775233666a2022dcfb82037e5e029116955c00/1.0/en/0x10-C12-Monitoring-and-Logging.md,"A mapping identifies repository reference evidence for one requirement; it does not prove live adoption, an AISVS level, AI system security, or compliance."
owasp-aisvs-1.0,1.0,C12,C12.3,v1.0-C12.3.1,1,"Monitoring, Logging & Anomaly Detection / Model, Data, and Performance Drift Detection",gap,,,,https://github.com/OWASP/AISVS/blob/78775233666a2022dcfb82037e5e029116955c00/1.0/en/0x10-C12-Monitoring-and-Logging.md,"A mapping identifies repository reference evidence for one requirement; it does not prove live adoption, an AISVS level, AI system security, or compliance."
owasp-aisvs-1.0,1.0,C12,C12.3,v1.0-C12.3.2,2,"Monitoring, Logging & Anomaly Detection / Model, Data, and Performance Drift Detection",gap,,,,https://github.com/OWASP/AISVS/blob/78775233666a2022dcfb82037e5e029116955c00/1.0/en/0x10-C12-Monitoring-and-Logging.md,"A mapping identifies repository reference evidence for one requirement; it does not prove live adoption, an AISVS level, AI system security, or compliance."
owasp-aisvs-1.0,1.0,C12,C12.3,v1.0-C12.3.3,2,"Monitoring, Logging & Anomaly Detection / Model, Data, and Performance Drift Detection",gap,,,,https://github.com/OWASP/AISVS/blob/78775233666a2022dcfb82037e5e029116955c00/1.0/en/0x10-C12-Monitoring-and-Logging.md,"A mapping identifies repository reference evidence for one requirement; it does not prove live adoption, an AISVS level, AI system security, or compliance."
owasp-aisvs-1.0,1.0,C12,C12.3,v1.0-C12.3.4,3,"Monitoring, Logging & Anomaly Detection / Model, Data, and Performance Drift Detection",gap,,,,https://github.com/OWASP/AISVS/blob/78775233666a2022dcfb82037e5e029116955c00/1.0/en/0x10-C12-Monitoring-and-Logging.md,"A mapping identifies repository reference evidence for one requirement; it does not prove live adoption, an AISVS level, AI system security, or compliance."
owasp-aisvs-1.0,1.0,C12,C12.4,v1.0-C12.4.1,2,"Monitoring, Logging & Anomaly Detection / Proactive Security Behavior Monitoring",gap,,,,https://github.com/OWASP/AISVS/blob/78775233666a2022dcfb82037e5e029116955c00/1.0/en/0x10-C12-Monitoring-and-Logging.md,"A mapping identifies repository reference evidence for one requirement; it does not prove live adoption, an AISVS level, AI system security, or compliance."
owasp-aisvs-1.0,1.0,C12,C12.4,v1.0-C12.4.2,2,"Monitoring, Logging & Anomaly Detection / Proactive Security Behavior Monitoring",gap,,,,https://github.com/OWASP/AISVS/blob/78775233666a2022dcfb82037e5e029116955c00/1.0/en/0x10-C12-Monitoring-and-Logging.md,"A mapping identifies repository reference evidence for one requirement; it does not prove live adoption, an AISVS level, AI system security, or compliance."
owasp-aisvs-1.0,1.0,C12,C12.4,v1.0-C12.4.3,2,"Monitoring, Logging & Anomaly Detection / Proactive Security Behavior Monitoring",mapped-evidence,PSB-AI-009-RRC-003; PSB-AI-009-RRC-011,verifies,"The exact signed containment command and resulting ordered containment state are retained in complete sanitized audit evidence, including the kill-switch activation sequence.",https://github.com/OWASP/AISVS/blob/78775233666a2022dcfb82037e5e029116955c00/1.0/en/0x10-C12-Monitoring-and-Logging.md,"A mapping identifies repository reference evidence for one requirement; it does not prove live adoption, an AISVS level, AI system security, or compliance."
owasp-aisvs-1.0,1.0,C12,C12.5,v1.0-C12.5.1,1,"Monitoring, Logging & Anomaly Detection / Training Data & Model Lifecycle Audit",gap,,,,https://github.com/OWASP/AISVS/blob/78775233666a2022dcfb82037e5e029116955c00/1.0/en/0x10-C12-Monitoring-and-Logging.md,"A mapping identifies repository reference evidence for one requirement; it does not prove live adoption, an AISVS level, AI system security, or compliance."
owasp-aisvs-1.0,1.0,C12,C12.5,v1.0-C12.5.2,1,"Monitoring, Logging & Anomaly Detection / Training Data & Model Lifecycle Audit",gap,,,,https://github.com/OWASP/AISVS/blob/78775233666a2022dcfb82037e5e029116955c00/1.0/en/0x10-C12-Monitoring-and-Logging.md,"A mapping identifies repository reference evidence for one requirement; it does not prove live adoption, an AISVS level, AI system security, or compliance."
owasp-aisvs-1.0,1.0,C12,C12.5,v1.0-C12.5.3,2,"Monitoring, Logging & Anomaly Detection / Training Data & Model Lifecycle Audit",gap,,,,https://github.com/OWASP/AISVS/blob/78775233666a2022dcfb82037e5e029116955c00/1.0/en/0x10-C12-Monitoring-and-Logging.md,"A mapping identifies repository reference evidence for one requirement; it does not prove live adoption, an AISVS level, AI system security, or compliance."
owasp-aisvs-1.0,1.0,C12,C12.5,v1.0-C12.5.4,2,"Monitoring, Logging & Anomaly Detection / Training Data & Model Lifecycle Audit",gap,,,,https://github.com/OWASP/AISVS/blob/78775233666a2022dcfb82037e5e029116955c00/1.0/en/0x10-C12-Monitoring-and-Logging.md,"A mapping identifies repository reference evidence for one requirement; it does not prove live adoption, an AISVS level, AI system security, or compliance."
