Profile Row ID,Cumulative Minimum Level,Capability Area,Capability,Threat or Failure,Responsible Role,Required Organization Evidence,FIRST Service References,Repository Supporting Checks,Assessment Result,Evidence Freshness,Assignee,Evidence URL,Exception ID,Notes,Limitations,Source Snapshot Identity,Claim Boundary
PSIRT-B-001,1,Operational Foundations,"Executive sponsorship, scope, budget, roles, and initial response policies are documented and current.","An ad-hoc team lacks authority, resources, or policy to require consistent product vulnerability response.",executive-sponsor,approved PSIRT mandate or charter; current scope and accountable roles; budget or resource decision; vulnerability handling and disclosure policies,OF-STRATEGIC Strategic foundation; OF-TACTICAL Tactical foundation,PSB-GOV-003-VPR-006,NOT_CHECKED,NOT_CHECKED,,,,,"A document alone does not establish operating authority, staffing capacity, or consistent execution.",REF-GOV-003 mutable web document observed 2026-08-12 sha256:16d7987dfb3a9f6512f4de84732464c3ad2a18af3b52abf7b4c51d21bdc52552; REF-GOV-004 1.1 observed 2026-08-12 sha256:b543b4970d6c708bc97915cee4655c75b99252670b4824a303236c6fa2b3a34e,"This public profile is a paraphrased organization assessment template. Repository controls may supply supporting evidence but cannot establish that a PSIRT service operates, has sufficient capacity, or has reached a FIRST maturity level."
PSIRT-B-002,1,Stakeholder Ecosystem Management,"Internal teams, customers, finders, coordinators, suppliers, and downstream users have named communication routes.",A valid report or urgent remediation decision stalls because ownership and communication routes are unknown.,psirt-lead,dated stakeholder register; communication route by stakeholder class; escalation owner and review record,1.1 Internal Stakeholder Management; 1.4 Downstream Stakeholder Management; 1.5 Incident Communications Coordination,PSB-GOV-003-VPR-006,NOT_CHECKED,NOT_CHECKED,,,,,"A contact list does not prove reachability, trust, or response timeliness.",REF-GOV-003 mutable web document observed 2026-08-12 sha256:16d7987dfb3a9f6512f4de84732464c3ad2a18af3b52abf7b4c51d21bdc52552; REF-GOV-004 1.1 observed 2026-08-12 sha256:b543b4970d6c708bc97915cee4655c75b99252670b4824a303236c6fa2b3a34e,"This public profile is a paraphrased organization assessment template. Repository controls may supply supporting evidence but cannot establish that a PSIRT service operates, has sufficient capacity, or has reached a FIRST maturity level."
PSIRT-B-003,1,Vulnerability Discovery,"Public and internal vulnerability intake accepts protected reports, acknowledges receipt, and preserves reporter confidentiality.","Researchers or employees cannot report a flaw safely, or sensitive report content leaks through intake and evidence systems.",psirt-intake,published reporting channel; protected submission method; sample acknowledgement receipt; information handling and access policy,2.1 Intake of Vulnerability Reporting,PSB-GOV-003-VPR-001; PSB-GOV-003-VPR-008,NOT_CHECKED,NOT_CHECKED,,,,,"Repository case fixtures do not test a live mailbox, portal, encryption key, or responder rota.",REF-GOV-003 mutable web document observed 2026-08-12 sha256:16d7987dfb3a9f6512f4de84732464c3ad2a18af3b52abf7b4c51d21bdc52552; REF-GOV-004 1.1 observed 2026-08-12 sha256:b543b4970d6c708bc97915cee4655c75b99252670b4824a303236c6fa2b3a34e,"This public profile is a paraphrased organization assessment template. Repository controls may supply supporting evidence but cannot establish that a PSIRT service operates, has sufficient capacity, or has reached a FIRST maturity level."
PSIRT-B-004,1,Vulnerability Triage and Analysis,"Every accepted report is qualified, analyzed, scored consistently, and linked to exact affected products and supported versions.","A malformed, duplicate, mis-scoped, or incorrectly scored report drives the wrong priority or product impact decision.",vulnerability-analyst,qualification criteria; case identity and triage timestamps; reproduction or analysis record; affected product and version determination,3.1 Vulnerability Qualification; 3.3 Vulnerability Reproduction,PSB-GOV-003-VPR-001; PSB-GOV-003-VPR-002; PSB-GOV-003-VPR-003; PSB-GOV-003-VPR-005,NOT_CHECKED,NOT_CHECKED,,,,,Synthetic CVSS and impact evidence does not prove analyst expertise or reproduction quality.,REF-GOV-003 mutable web document observed 2026-08-12 sha256:16d7987dfb3a9f6512f4de84732464c3ad2a18af3b52abf7b4c51d21bdc52552; REF-GOV-004 1.1 observed 2026-08-12 sha256:b543b4970d6c708bc97915cee4655c75b99252670b4824a303236c6fa2b3a34e,"This public profile is a paraphrased organization assessment template. Repository controls may supply supporting evidence but cannot establish that a PSIRT service operates, has sufficient capacity, or has reached a FIRST maturity level."
PSIRT-B-005,1,Remediation,"A named product owner evaluates remediation, mitigation, transfer, or governed acceptance and tracks the decision to closure.","A confirmed vulnerability remains open, is silently ignored, or receives an unowned and permanent risk acceptance.",product-owner,remediation decision and owner; target date and tracking record; verification of remedy or mitigation; exact current exception when risk is accepted,4.1 Remedy Release Management Plan; 4.2 Remediation,PSB-GOV-003-VPR-005; PSB-GOV-003-VPR-006; PSB-GOV-003-VPR-007,NOT_CHECKED,NOT_CHECKED,,,,,"A case deadline does not prove remedy quality, deployment, or customer uptake.",REF-GOV-003 mutable web document observed 2026-08-12 sha256:16d7987dfb3a9f6512f4de84732464c3ad2a18af3b52abf7b4c51d21bdc52552; REF-GOV-004 1.1 observed 2026-08-12 sha256:b543b4970d6c708bc97915cee4655c75b99252670b4824a303236c6fa2b3a34e,"This public profile is a paraphrased organization assessment template. Repository controls may supply supporting evidence but cannot establish that a PSIRT service operates, has sufficient capacity, or has reached a FIRST maturity level."
PSIRT-B-006,1,Vulnerability Disclosure,Affected stakeholders receive an accurate advisory or equivalent notice with supported-product scope and remedy guidance.,"Customers remain exposed because disclosure is missing, inconsistent with affected versions, or lacks actionable remediation guidance.",psirt-communications,reviewed advisory template; approval and publication record; affected product and version scope; remedy or mitigation instructions,5.1 Notification; 5.3 Disclosure,PSB-GOV-003-VPR-006,NOT_CHECKED,NOT_CHECKED,,,,,"The profile does not assess legal sufficiency, notification reach, or customer remediation.",REF-GOV-003 mutable web document observed 2026-08-12 sha256:16d7987dfb3a9f6512f4de84732464c3ad2a18af3b52abf7b4c51d21bdc52552; REF-GOV-004 1.1 observed 2026-08-12 sha256:b543b4970d6c708bc97915cee4655c75b99252670b4824a303236c6fa2b3a34e,"This public profile is a paraphrased organization assessment template. Repository controls may supply supporting evidence but cannot establish that a PSIRT service operates, has sufficient capacity, or has reached a FIRST maturity level."
PSIRT-I-001,2,Operational Foundations,"The charter, organizational model, staffing, tooling, procedures, support lifecycle, product registry, and baseline metrics are reviewed together.","Basic case handling appears successful while unsupported products, missing dependencies, resource shortages, or procedural drift remain invisible.",psirt-lead,approved charter and organizational model; staffing and tool capacity review; product support lifecycle registry; baseline service metrics,OF-STRATEGIC Strategic foundation; OF-TACTICAL Tactical foundation; OF-OPERATIONAL Operational foundation,PSB-GOV-001-INC-001; PSB-GOV-001-INC-007,NOT_CHECKED,NOT_CHECKED,,,,,"This row checks current evidence, not whether the operating model is optimally staffed.",REF-GOV-003 mutable web document observed 2026-08-12 sha256:16d7987dfb3a9f6512f4de84732464c3ad2a18af3b52abf7b4c51d21bdc52552; REF-GOV-004 1.1 observed 2026-08-12 sha256:b543b4970d6c708bc97915cee4655c75b99252670b4824a303236c6fa2b3a34e,"This public profile is a paraphrased organization assessment template. Repository controls may supply supporting evidence but cannot establish that a PSIRT service operates, has sufficient capacity, or has reached a FIRST maturity level."
PSIRT-I-002,2,Stakeholder Ecosystem Management,Internal and downstream stakeholders participate in rehearsed incident communication and coordinated vulnerability decisions.,"A multi-team or supplier vulnerability causes contradictory decisions, premature disclosure, or missed downstream notification.",incident-coordinator,stakeholder-to-product matrix; coordination playbook; exercise or incident communication record; downstream notification ownership,1.1 Internal Stakeholder Management; 1.4 Downstream Stakeholder Management; 1.5 Incident Communications Coordination,PSB-GOV-001-INC-003; PSB-GOV-003-VPR-006,NOT_CHECKED,NOT_CHECKED,,,,,A tabletop exercise cannot prove behavior during every live multi-party incident.,REF-GOV-003 mutable web document observed 2026-08-12 sha256:16d7987dfb3a9f6512f4de84732464c3ad2a18af3b52abf7b4c51d21bdc52552; REF-GOV-004 1.1 observed 2026-08-12 sha256:b543b4970d6c708bc97915cee4655c75b99252670b4824a303236c6fa2b3a34e,"This public profile is a paraphrased organization assessment template. Repository controls may supply supporting evidence but cannot establish that a PSIRT service operates, has sufficient capacity, or has reached a FIRST maturity level."
PSIRT-I-003,2,Vulnerability Discovery,The PSIRT looks for unreported and internally found vulnerabilities and links component intelligence to its product inventory.,The program reacts only to external reports and misses vulnerabilities in embedded components or internal findings.,vulnerability-intelligence,approved intelligence sources; component inventory linkage; internal finding intake procedure; sample complete monitoring receipt,2.2 Identify Unreported Vulnerabilities; 2.3 Monitoring for Product Component Vulnerabilities; 2.4 Identifying New Vulnerabilities,PSB-GOV-001-INC-001; PSB-GOV-001-INC-006; PSB-GOV-003-VPR-004,NOT_CHECKED,NOT_CHECKED,,,,,SBOM and KEV adapters cover selected inputs and do not prove complete discovery coverage.,REF-GOV-003 mutable web document observed 2026-08-12 sha256:16d7987dfb3a9f6512f4de84732464c3ad2a18af3b52abf7b4c51d21bdc52552; REF-GOV-004 1.1 observed 2026-08-12 sha256:b543b4970d6c708bc97915cee4655c75b99252670b4824a303236c6fa2b3a34e,"This public profile is a paraphrased organization assessment template. Repository controls may supply supporting evidence but cannot establish that a PSIRT service operates, has sufficient capacity, or has reached a FIRST maturity level."
PSIRT-I-004,2,Vulnerability Triage and Analysis,A maintained reproduction environment and expert escalation path support repeatable analysis of relevant product versions.,Analysts cannot reproduce a report safely or consistently and therefore misclassify impact or delay response.,vulnerability-analyst,isolated reproduction environment inventory; supported product fixtures; analysis tool integrity record; expert escalation and SLA evidence,3.2 Established Finders; 3.3 Vulnerability Reproduction,PSB-GOV-003-VPR-002; PSB-GOV-003-VPR-003,NOT_CHECKED,NOT_CHECKED,,,,,This repository does not execute exploit content or validate a production reproduction lab.,REF-GOV-003 mutable web document observed 2026-08-12 sha256:16d7987dfb3a9f6512f4de84732464c3ad2a18af3b52abf7b4c51d21bdc52552; REF-GOV-004 1.1 observed 2026-08-12 sha256:b543b4970d6c708bc97915cee4655c75b99252670b4824a303236c6fa2b3a34e,"This public profile is a paraphrased organization assessment template. Repository controls may supply supporting evidence but cannot establish that a PSIRT service operates, has sufficient capacity, or has reached a FIRST maturity level."
PSIRT-I-005,2,Remediation and Disclosure,"Formal remedy release, notification, and coordination plans bind exact affected releases to a predictable response workflow.","A technically correct fix is released inconsistently, without coordinated notice, or for the wrong supported product line.",release-manager,remedy release plan; supported release identity; stakeholder notification receipt; coordination and rollback decision,4.1 Remedy Release Management Plan; 4.2 Remediation; 5.1 Notification; 5.2 Coordination; 5.3 Disclosure,PSB-GOV-003-VPR-002; PSB-GOV-003-VPR-006,NOT_CHECKED,NOT_CHECKED,,,,,Release-integrity controls do not establish the PSIRT communication process.,REF-GOV-003 mutable web document observed 2026-08-12 sha256:16d7987dfb3a9f6512f4de84732464c3ad2a18af3b52abf7b4c51d21bdc52552; REF-GOV-004 1.1 observed 2026-08-12 sha256:b543b4970d6c708bc97915cee4655c75b99252670b4824a303236c6fa2b3a34e,"This public profile is a paraphrased organization assessment template. Repository controls may supply supporting evidence but cannot establish that a PSIRT service operates, has sufficient capacity, or has reached a FIRST maturity level."
PSIRT-I-006,2,"Metrics, Training, and Feedback","The PSIRT measures intake, triage, remediation, disclosure, and channel health and trains its team using reviewed feedback.",Repeated delays and communication failures persist because service performance and responder readiness are not measured.,psirt-program-manager,defined metric semantics and owners; complete dated metric report; PSIRT training records; feedback and improvement decisions,1.7 Stakeholder Metrics; 2.5 Vulnerability Discovery Metrics; 4.4 Vulnerability Release Metrics; 5.4 Vulnerability Metrics; 6.1 Training the PSIRT; 6.5 Feedback Mechanisms,,NOT_CHECKED,NOT_CHECKED,,,,,Repository catalog metrics are not PSIRT operating metrics and must not populate this row automatically.,REF-GOV-003 mutable web document observed 2026-08-12 sha256:16d7987dfb3a9f6512f4de84732464c3ad2a18af3b52abf7b4c51d21bdc52552; REF-GOV-004 1.1 observed 2026-08-12 sha256:b543b4970d6c708bc97915cee4655c75b99252670b4824a303236c6fa2b3a34e,"This public profile is a paraphrased organization assessment template. Repository controls may supply supporting evidence but cannot establish that a PSIRT service operates, has sufficient capacity, or has reached a FIRST maturity level."
PSIRT-A-001,3,Operational Foundations,"Long-running policies, funding, staffing, tooling, and cost evidence support both normal vulnerability workload and severe incidents.",A program handles routine cases but collapses under concurrent or high-impact product incidents.,executive-sponsor,multi-period capacity and cost review; surge staffing plan; severe-incident exercise evidence; approved improvement funding,OF-STRATEGIC Strategic foundation; OF-TACTICAL Tactical foundation; OF-OPERATIONAL Operational foundation,,NOT_CHECKED,NOT_CHECKED,,,,,FIRST notes that capability maturity is not the same as capacity; both need independent evidence.,REF-GOV-003 mutable web document observed 2026-08-12 sha256:16d7987dfb3a9f6512f4de84732464c3ad2a18af3b52abf7b4c51d21bdc52552; REF-GOV-004 1.1 observed 2026-08-12 sha256:b543b4970d6c708bc97915cee4655c75b99252670b4824a303236c6fa2b3a34e,"This public profile is a paraphrased organization assessment template. Repository controls may supply supporting evidence but cannot establish that a PSIRT service operates, has sufficient capacity, or has reached a FIRST maturity level."
PSIRT-A-002,3,Stakeholder Ecosystem Management,"The PSIRT maintains direct finder, peer, supplier, customer, and community engagement and uses stakeholder metrics for improvement.","Weak external relationships delay coordinated disclosure, reduce report quality, or hide downstream impact.",psirt-communications,finder and coordinator engagement records; upstream and downstream coordination records; stakeholder metric report; approved improvement action,1.2 Finder Community Engagement; 1.3 Community and Organizational Engagement; 1.6 Finder Recognition and Acknowledgement; 1.7 Stakeholder Metrics,,NOT_CHECKED,NOT_CHECKED,,,,,Relationship quality and community trust cannot be inferred from contact volume alone.,REF-GOV-003 mutable web document observed 2026-08-12 sha256:16d7987dfb3a9f6512f4de84732464c3ad2a18af3b52abf7b4c51d21bdc52552; REF-GOV-004 1.1 observed 2026-08-12 sha256:b543b4970d6c708bc97915cee4655c75b99252670b4824a303236c6fa2b3a34e,"This public profile is a paraphrased organization assessment template. Repository controls may supply supporting evidence but cannot establish that a PSIRT service operates, has sufficient capacity, or has reached a FIRST maturity level."
PSIRT-A-003,3,Vulnerability Discovery,"Proactive product, component, exploit, conference, publication, and researcher monitoring produces measured and reviewable discovery outcomes.",Emerging product vulnerabilities become public or exploited before the organization connects them to affected products.,vulnerability-intelligence,complete monitored-source inventory; fresh collection health receipts; product and component match evidence; discovery effectiveness metrics,2.2 Identify Unreported Vulnerabilities; 2.3 Monitoring for Product Component Vulnerabilities; 2.4 Identifying New Vulnerabilities; 2.5 Vulnerability Discovery Metrics,PSB-GOV-001-INC-006; PSB-GOV-001-INC-007; PSB-GOV-003-VPR-004,NOT_CHECKED,NOT_CHECKED,,,,,No finite intelligence source set proves that all unknown vulnerabilities will be found.,REF-GOV-003 mutable web document observed 2026-08-12 sha256:16d7987dfb3a9f6512f4de84732464c3ad2a18af3b52abf7b4c51d21bdc52552; REF-GOV-004 1.1 observed 2026-08-12 sha256:b543b4970d6c708bc97915cee4655c75b99252670b4824a303236c6fa2b3a34e,"This public profile is a paraphrased organization assessment template. Repository controls may supply supporting evidence but cannot establish that a PSIRT service operates, has sufficient capacity, or has reached a FIRST maturity level."
PSIRT-A-004,3,Remediation and Incident Handling,"Advanced incident handling coordinates severe or multi-product vulnerabilities, preserves evidence, and validates recovery across affected releases.","A widespread vulnerability triggers uncoordinated destructive action, incomplete impact analysis, or premature recovery.",incident-commander,advanced incident playbook; situation-room authority and participants; evidence preservation record; multi-product recovery and closure review,4.2 Remediation; 4.3 Incident Handling,PSB-GOV-001-INC-002; PSB-GOV-001-INC-003; PSB-GOV-001-INC-005,NOT_CHECKED,NOT_CHECKED,,,,,Offline response-plan validation does not prove distributed containment or business recovery.,REF-GOV-003 mutable web document observed 2026-08-12 sha256:16d7987dfb3a9f6512f4de84732464c3ad2a18af3b52abf7b4c51d21bdc52552; REF-GOV-004 1.1 observed 2026-08-12 sha256:b543b4970d6c708bc97915cee4655c75b99252670b4824a303236c6fa2b3a34e,"This public profile is a paraphrased organization assessment template. Repository controls may supply supporting evidence but cannot establish that a PSIRT service operates, has sufficient capacity, or has reached a FIRST maturity level."
PSIRT-A-005,3,Disclosure and Service Metrics,"Multi-party disclosure playbooks and release metrics demonstrate predictable, accurate, and improving stakeholder outcomes.","Complex coordination leaks embargoed information, publishes conflicting guidance, or repeats known release delays.",psirt-program-manager,multi-party coordination playbook; embargo and disclosure decision record; release and disclosure metric trends; post-incident improvement tracking,4.4 Vulnerability Release Metrics; 5.2 Coordination; 5.3 Disclosure; 5.4 Vulnerability Metrics,PSB-GOV-003-VPR-006; PSB-GOV-003-VPR-008,NOT_CHECKED,NOT_CHECKED,,,,,Metric improvement does not by itself prove advisory accuracy or stakeholder satisfaction.,REF-GOV-003 mutable web document observed 2026-08-12 sha256:16d7987dfb3a9f6512f4de84732464c3ad2a18af3b52abf7b4c51d21bdc52552; REF-GOV-004 1.1 observed 2026-08-12 sha256:b543b4970d6c708bc97915cee4655c75b99252670b4824a303236c6fa2b3a34e,"This public profile is a paraphrased organization assessment template. Repository controls may supply supporting evidence but cannot establish that a PSIRT service operates, has sufficient capacity, or has reached a FIRST maturity level."
PSIRT-A-006,3,Training and Continuous Improvement,"Development, validation, legal, support, communications, executive, and other stakeholder groups receive role-specific recurring PSIRT education.","Non-PSIRT stakeholders mishandle reports, evidence, remediation, or disclosure because responsibilities are unfamiliar.",security-education,role-based curriculum and audience; dated completion records; exercise or knowledge validation; feedback and curriculum improvement record,1.1 Internal Stakeholder Management; 6.2 Training the Development Team; 6.3 Training the Validation Team; 6.4 Continuing Education for Stakeholders; 6.5 Feedback Mechanisms,,NOT_CHECKED,NOT_CHECKED,,,,,Training completion is not proof of correct behavior during a real vulnerability response.,REF-GOV-003 mutable web document observed 2026-08-12 sha256:16d7987dfb3a9f6512f4de84732464c3ad2a18af3b52abf7b4c51d21bdc52552; REF-GOV-004 1.1 observed 2026-08-12 sha256:b543b4970d6c708bc97915cee4655c75b99252670b4824a303236c6fa2b3a34e,"This public profile is a paraphrased organization assessment template. Repository controls may supply supporting evidence but cannot establish that a PSIRT service operates, has sufficient capacity, or has reached a FIRST maturity level."
