Metric,Value,Meaning
Catalog controls,52,Repository control packages; not organization adoption.
Atomic checks,462,Assessable catalog rows generated from control metadata.
Reviewed mapping checks,408,Checks with at least one reviewed framework relationship.
Provisional mapping checks,0,Checks whose framework relationship still needs review.
Unmapped checks,54,Explicit framework mapping debt; not silently inherited.
Assessment adapters,1,Controls with a repository read-only assessment interface.
Organization adoption,NOT_CHECKED,Organization-owned assessment results are not committed here.
Evidence freshness,NOT_CHECKED,No current organization evidence bundle was supplied.
Exception debt,NOT_CHECKED,Consume a current PSB-GOV-002 register outside public guidance.
